Open,High,Low,Close,Volume,Daily_Vol,S_10,Corr,RSI,Open-Close,Open-Open,Probability,Date,Buy
87.18,88.54,86.25,86.76,0.47195351400234264,0.035182683436712166,88.99099999999999,0.6338935474964249,42.43427276667432,0.3400000000000034,-4.959999999999994,0.6957667264811235,2018-03-28,0.0
87.53,89.57,85.8,88.58,0.41232141428469976,0.034282712401610925,88.708,0.5190163565705751,48.480680608737124,0.769999999999996,0.3499999999999943,0.3179197543493481,2018-03-29,0.0
87.81,88.2,84.93,85.91,0.43612445288249685,0.033668883637837314,88.11799999999998,0.5226083113822422,41.39364692074393,-0.769999999999996,0.28000000000000114,0.5588010709589597,2018-04-02,1.0
86.94,87.4,85.3,87.07,0.3345298227919106,0.0322314523087337,87.80899999999998,0.4493865264751457,45.25670253966466,1.0300000000000011,-0.8700000000000045,0.5599658248192726,2018-04-03,1.0
85.26,90.03,85.15,89.61,0.31966314911351007,0.034049432244522615,87.73099999999998,0.11007831639736057,52.822495408908544,-1.809999999999988,-1.6799999999999926,0.04810155587931218,2018-04-04,0.0
89.72,90.33,88.71,89.66,0.2676315891195869,0.03372132171702564,87.72099999999998,-0.24524261790663773,52.96467635792913,0.10999999999999943,4.459999999999994,0.299628975842277,2018-04-05,0.0
88.8,89.74,86.85,87.57,0.34183101541592614,0.03289976229110725,87.76299999999998,-0.21089608263911266,46.46139608941508,-0.8599999999999994,-0.9200000000000017,0.3575816803990587,2018-04-06,0.0
88.36,90.43,87.95,88.1,0.2834709161369661,0.03136146256982158,88.11199999999998,0.17192673360552627,48.25171015678978,0.7900000000000063,-0.4399999999999977,0.5160578314515286,2018-04-09,1.0
89.67,90.53,88.94,90.15,0.24102385697501216,0.031133385710415205,88.02499999999998,-0.4310210910476455,54.754150946550894,1.5700000000000074,1.3100000000000023,0.3414026010779175,2018-04-10,0.0
89.3,90.54,88.79,89.16,0.22358531527182604,0.02974709792785428,88.25699999999998,-0.29900342962779025,51.29556146590836,-0.8500000000000085,-0.37000000000000455,0.35352979343591545,2018-04-11,0.0
89.71,91.39,89.71,90.82,0.24054651970791635,0.02831890881218873,88.66299999999997,0.23740214322364925,56.42373121437225,0.5499999999999972,0.4099999999999966,0.2968750261994104,2018-04-12,0.0
91.28,91.41,89.72,90.34,0.20986748721931714,0.02708150475686799,88.83899999999997,0.4370240977500553,54.577450490324765,0.46000000000000796,1.5700000000000074,0.38879336461638525,2018-04-13,0.0
91.3,91.87,90.67,91.4,0.18237789469993823,0.025843385954534108,89.38799999999996,0.7082520540558315,57.95334957711553,0.9599999999999937,0.01999999999999602,0.4006671377886546,2018-04-16,0.0
92.2,93.7,92.09,93.24,0.24065529147687792,0.02585556255904966,90.00499999999997,0.8514733088527624,63.224930733003845,0.7999999999999972,0.9000000000000057,0.23647070685915514,2018-04-17,0.0
93.39,93.87,92.71,93.6,0.18916669138752326,0.02506389219731987,90.40399999999997,0.9173192689482591,64.2006542024759,0.15000000000000568,1.1899999999999977,0.2503348631173456,2018-04-18,0.0
93.6,94.21,92.53,93.28,0.2117228998733393,0.023998300229870397,90.76599999999998,0.9403717661563088,62.56125885194119,0.0,0.20999999999999375,0.27434436302422655,2018-04-19,0.0
93.09,93.28,91.28,92.2,0.2800594379286259,0.02391145855966944,91.22899999999997,0.8628320003660924,57.09404196188677,-0.18999999999999773,-0.5099999999999909,0.3767319523489905,2018-04-20,0.0
92.92,93.46,91.84,92.54,0.20074953637157156,0.022759337797177853,91.67299999999997,0.8159224814694755,58.36670735715035,0.7199999999999989,-0.1700000000000017,0.4941720110780931,2018-04-23,0.0
93.41,93.63,89.69,90.38,0.31035731975573994,0.023011842685009942,91.69599999999997,0.5338619201735284,48.261797386966265,0.8699999999999903,0.4899999999999949,0.5579548212485465,2018-04-24,1.0
90.55,90.55,87.62,89.59,0.30320625015169617,0.02437086428526174,91.73899999999998,0.057065561346571425,45.08950265455036,0.1700000000000017,-2.8599999999999994,0.5954302538524746,2018-04-25,1.0
90.8,92.35,90.36,91.48,0.382310294393939,0.02345475318907276,91.80499999999998,-0.09923768155567764,53.25683705705042,1.2099999999999937,0.25,0.5687317200766494,2018-04-26,0.0
94.73,95.02,91.15,93.0,0.4339436238618293,0.02488700243045217,92.07099999999997,-0.3164843688766473,58.740694406977,3.25,3.930000000000007,0.3889238656859097,2018-04-27,0.0
93.49,93.56,90.41,90.77,0.3732723492274957,0.025222593424649508,92.00799999999997,-0.6285808113217851,49.310398309915634,0.4899999999999949,-1.240000000000009,0.5554234957903429,2018-04-30,1.0
90.47,92.48,90.06,92.2,0.28234724083777635,0.02421012292242368,91.90399999999997,-0.553652201193645,54.51344758900265,-0.29999999999999716,-3.019999999999996,0.321274407249458,2018-05-01,0.0
92.19,92.37,90.45,90.76,0.2469478731523407,0.0230315508225027,91.61999999999998,-0.35192213514506626,48.89765525052762,-0.010000000000005116,1.7199999999999989,0.606192930395877,2018-05-02,1.0
90.22,92.14,89.73,91.3,0.27995246404014307,0.022147165513823373,91.42199999999997,0.07001216633982713,51.00087417750784,-0.5400000000000063,-1.9699999999999989,0.39162541857103744,2018-05-03,0.0
90.57,92.56,90.18,92.36,0.20254292214907846,0.021724699835463192,91.43799999999996,0.13549600614652124,55.03703269367557,-0.730000000000004,0.3499999999999943,0.2737712131342228,2018-05-04,0.0
92.37,93.86,92.3,93.39,0.21792109282367017,0.020860226267579336,91.52299999999997,-0.01942440686550023,58.70919666106145,0.010000000000005116,1.8000000000000114,0.3166655267670498,2018-05-07,0.0
93.03,93.33,92.26,92.99,0.21111251945081944,0.01988303650168513,91.78399999999996,-0.0045010423883687905,56.710660267674854,-0.35999999999999943,0.6599999999999966,0.40837856787058274,2018-05-08,0.0
93.18,94.12,92.25,94.09,0.24565699496863147,0.018961218466024724,92.23399999999997,0.3299253333550323,60.789175445411246,0.19000000000001194,0.15000000000000568,0.28021253866163115,2018-05-09,0.0
94.59,95.07,94.19,95.03,0.20125563972632662,0.01887861759780345,92.58899999999997,0.6162734702783222,64.00883318025585,0.5,1.4099999999999966,0.36072131383224265,2018-05-10,0.0
94.92,94.99,94.18,94.82,0.15082689017916778,0.01797392685782951,92.77099999999996,0.7105458346922463,62.7302479961302,-0.10999999999999943,0.3299999999999983,0.38355561092433765,2018-05-11,0.0
95.04,95.78,94.45,95.14,0.174880733103744,0.017107770343263242,93.20799999999996,0.8472168886791079,63.949488447335966,0.22000000000001307,0.12000000000000455,0.3802250915415378,2018-05-14,0.0
94.38,94.97,93.5,94.45,0.22108536246618862,0.016503546698387595,93.43299999999995,0.8131682848469154,59.30159823337946,-0.7600000000000051,-0.6600000000000108,0.38855908384939475,2018-05-15,0.0
94.9,94.94,94.18,94.7,0.15627806379059728,0.015929552866301613,93.82699999999996,0.8147203136255734,60.458561730967986,0.45000000000000284,0.5200000000000102,0.5651316231497605,2018-05-16,1.0
94.32,95.08,93.41,93.75,0.15503752626029174,0.01550460071434968,94.07199999999996,0.6292548967719054,53.97949827932329,-0.38000000000000966,-0.5800000000000125,0.5796668797668026,2018-05-17,1.0
93.59,94.48,93.59,93.93,0.16060286528211892,0.0150891466218087,94.22899999999996,0.3562471738314492,54.99486489919278,-0.1599999999999966,-0.7299999999999898,0.6383192731747419,2018-05-18,1.0
94.55,95.54,94.36,95.14,0.17459666798810883,0.014759383376508712,94.40399999999997,0.31262157542853686,61.36215685357347,0.6199999999999903,0.9599999999999937,0.539573951690702,2018-05-21,1.0
95.22,95.69,94.75,95.04,0.1388071602387945,0.014314054229890657,94.60899999999997,-0.006015479598137682,60.57518434982615,0.0799999999999983,0.6700000000000017,0.5751415399535011,2018-05-22,1.0
94.27,96.24,93.89,96.17,0.1910355881451357,0.013796511051398298,94.81699999999998,0.16059458348963543,66.04311198888308,-0.7700000000000102,-0.9500000000000028,0.24447648091805826,2018-05-23,0.0
96.24,96.44,94.37,95.83,0.23956128120558673,0.013183348322915407,94.89699999999998,0.4035689095551644,63.11657205124055,0.06999999999999318,1.9699999999999989,0.38782337779499226,2018-05-24,0.0
95.82,96.48,95.39,95.88,0.16508048661433036,0.01274412278452632,95.003,0.5692496125319864,63.38171101311476,-0.010000000000005116,-0.4200000000000017,0.5091880991522526,2018-05-25,1.0
95.37,96.38,94.78,95.54,0.25773515602456265,0.012322948047656166,95.04299999999999,0.7584293996559226,60.11656337772325,-0.5099999999999909,-0.44999999999998863,0.46336858916007234,2018-05-29,0.0
95.83,96.75,95.44,96.45,0.19919167293677484,0.011752497062947523,95.24299999999998,0.8516275109018684,65.41498800261782,0.28999999999999204,0.45999999999999375,0.4592655239011414,2018-05-30,0.0
96.78,97.47,96.12,96.35,0.30690628817686827,0.011283772711070094,95.40799999999997,0.9224676701559787,64.37084615086937,0.3299999999999983,0.9500000000000028,0.5157102074307099,2018-05-31,1.0
96.77,98.31,96.67,98.25,0.25759671922770244,0.01162132036632129,95.85799999999998,0.9350792192195928,73.35085259290192,0.4200000000000017,-0.010000000000005116,0.29485388998863743,2018-06-01,0.0
98.7,99.29,98.31,99.1,0.24524528033900833,0.01110074197478042,96.37499999999996,0.9573573243150295,76.31783734674718,0.45000000000000284,1.9300000000000068,0.34876005452393727,2018-06-04,0.0
99.43,99.75,98.97,99.61,0.21138040364214628,0.010846984684863495,96.82199999999995,0.9732584057138389,77.95415454544484,0.3300000000000125,0.730000000000004,0.3567298996912736,2018-06-05,0.0
99.89,100.01,99.33,99.9,0.1898822478180473,0.01033009384874107,97.30799999999995,0.9686046714345786,78.87630408730344,0.28000000000000114,0.45999999999999375,0.38788462947078844,2018-06-06,0.0
100.06,100.1,97.85,98.33,0.25379060625428684,0.01143071758060138,97.52399999999994,0.8899179045747921,63.0197032092029,0.1599999999999966,0.1700000000000017,0.45133988038968154,2018-06-07,0.0
98.54,99.38,98.0,99.07,0.19925100299257206,0.0115566786232211,97.84799999999994,0.8559964844167731,66.54219908063665,0.21000000000000796,-1.519999999999996,0.4467500052551614,2018-06-08,0.0
98.46,99.03,98.13,98.5,0.2111691526858986,0.01133723545971934,98.10999999999996,0.7650045868887485,61.52637757404488,-0.6099999999999994,-0.0800000000000125,0.5579231064402912,2018-06-11,0.0
98.55,98.89,98.21,98.75,0.1647325967417012,0.01092492320588297,98.43099999999995,0.6437132002735928,62.8895893457571,0.04999999999999716,0.09000000000000341,0.6185525349055689,2018-06-12,0.0
99.15,99.44,98.02,98.31,0.2651235458517953,0.010459750823274735,98.61699999999993,0.3909537933503721,58.81434483567423,0.4000000000000057,0.6000000000000085,0.6483920223537516,2018-06-13,0.0
99.09,99.46,98.45,98.86,0.23095392841379297,0.00995051884960512,98.86799999999992,-0.17090989563560952,62.214994588755566,0.7800000000000011,-0.060000000000002274,0.6522833318840308,2018-06-14,0.0
98.95,98.97,97.54,97.6,0.5909507281865409,0.009830617809399748,98.80299999999993,-0.6388573029507064,51.409911148914354,0.09000000000000341,-0.14000000000000057,0.6657959471903864,2018-06-15,1.0
97.49,98.56,96.91,98.31,0.2120240448535222,0.009554456556509312,98.72399999999992,-0.7139778674888051,56.17528969623912,-0.10999999999999943,-1.460000000000008,0.5340214382974696,2018-06-18,0.0
97.14,98.45,96.99,98.31,0.25757424572171866,0.009259890819735632,98.59399999999992,-0.6269727991107091,56.17528969623912,-1.1700000000000017,-0.3499999999999943,0.47189992501504524,2018-06-19,0.0
98.81,99.93,98.57,99.3,0.2353497461842234,0.00914184124775007,98.53399999999993,-0.2021720646179971,62.50538735797942,0.5,1.6700000000000017,0.5167341053715083,2018-06-20,0.0
99.5,99.87,98.33,98.59,0.2085379546053158,0.00869571762454102,98.55999999999993,-0.4340101727979335,56.053660403027486,0.20000000000000284,0.6899999999999977,0.578356704927618,2018-06-21,0.0
97.88,98.23,97.12,97.88,0.3498954083031514,0.009732091070923337,98.44099999999995,-0.13914889383174778,50.286435699438044,-0.710000000000008,-1.6200000000000045,0.573914849981078,2018-06-22,0.0
97.48,97.58,94.84,95.91,0.3185241918302513,0.011251013063914293,98.18199999999995,0.5333042975112477,38.17686970221858,-0.3999999999999915,-0.3999999999999915,0.6659883332289883,2018-06-25,1.0
96.33,97.55,96.26,96.58,0.2417897540589399,0.011331315401841771,97.96499999999995,0.7202519755483812,43.333545545945015,0.4200000000000017,-1.1500000000000057,0.7534349480206423,2018-06-26,1.0
97.07,97.5,94.94,95.08,0.28135391187329256,0.010957822135409334,97.64199999999994,0.8475856763573516,35.88735367810788,0.4899999999999949,0.7399999999999949,0.7908751546645796,2018-06-27,1.0
94.92,96.61,94.81,96.14,0.23957386636893765,0.010437646306050468,97.36999999999995,0.7977537830097421,43.509194311332834,-0.1599999999999966,-2.1499999999999915,0.6339065198679198,2018-06-28,1.0
96.43,97.39,95.85,96.12,0.25218150322584704,0.010766683065136637,97.22199999999995,0.8165538654210562,43.4010265644584,0.29000000000000625,1.5100000000000051,0.7167252784428535,2018-06-29,1.0
95.62,97.54,95.53,97.49,0.17587316312798842,0.011296374493185588,97.13999999999994,0.6475656689357058,52.40660285127976,-0.5,-0.8100000000000023,0.4061435952120514,2018-07-02,0.0
97.94,98.09,96.44,96.55,0.13187722993363124,0.01083172457334622,96.96399999999994,0.5801665426410518,46.73728027172257,0.45000000000000284,2.319999999999993,0.6679375453532977,2018-07-03,1.0
96.99,97.4,96.53,97.24,0.17059548498275384,0.010503569162616126,96.75799999999995,0.31038590405975797,51.05571058436424,0.4399999999999977,-0.9500000000000028,0.5772405867665841,2018-07-05,1.0
97.37,98.87,97.15,98.61,0.17290755927836673,0.011717166083073598,96.75999999999993,-0.2622788441462663,58.48194340050708,0.13000000000000966,0.38000000000000966,0.311138515652319,2018-07-06,0.0
99.09,99.67,98.7,99.28,0.16371499639075493,0.011205359229789056,96.89999999999995,-0.6513636573905884,61.644282045145005,0.480000000000004,1.7199999999999989,0.3605370313978769,2018-07-09,0.0
99.43,99.92,99.29,99.54,0.17343343931838756,0.01081655446485921,97.26299999999995,-0.5059066039069724,62.86389966768766,0.15000000000000568,0.3400000000000034,0.3888196675385812,2018-07-10,0.0
98.6,99.76,98.55,99.41,0.17659321425970922,0.010318022389331272,97.54599999999995,-0.27097091355650865,61.7726668448653,-0.9400000000000119,-0.8300000000000125,0.30737213525321183,2018-07-11,0.0
100.18,101.78,100.14,101.56,0.21876519770842154,0.011020473302059916,98.19399999999995,0.5484598998701713,71.01758823530096,0.7700000000000102,1.5800000000000125,0.23809804845810265,2018-07-12,0.0
101.74,102.94,101.46,102.77,0.22145572584480155,0.01356083282983496,98.85699999999996,0.8196522510595198,74.82479632801288,0.1799999999999926,1.559999999999988,0.1898869969024136,2018-07-13,0.0
102.74,103.15,101.88,102.26,0.19585121100734346,0.013472789671219513,99.47099999999998,0.8820221738083951,70.48837108826014,-0.030000000000001137,1.0,0.3206304573960193,2018-07-16,0.0
101.97,103.81,101.69,103.28,0.23284080397619247,0.012826158686350498,100.04999999999998,0.9092344589740535,73.85546155811184,-0.29000000000000625,-0.769999999999996,0.18044223483692762,2018-07-17,0.0
103.27,103.37,102.08,102.47,0.26513253525418884,0.01227525266622642,100.64199999999998,0.9055907845718856,67.10040367471713,-0.010000000000005116,1.2999999999999972,0.4174838655218353,2018-07-18,0.0
102.28,102.65,101.27,101.77,0.361118677191459,0.013243013485889995,101.09499999999998,0.8391329724735523,61.68310022356861,-0.18999999999999773,-0.9899999999999949,0.5010897689885885,2018-07-19,1.0
105.35,105.47,103.4,103.59,0.5034424916465978,0.01276096605714836,101.59299999999998,0.8403035016127048,68.9297005323436,3.5799999999999983,3.069999999999993,0.5549947223969581,2018-07-20,1.0
103.62,105.41,103.45,105.25,0.2670481769042476,0.012600284496703326,102.18999999999998,0.8509696650293979,73.926939792251,0.030000000000001137,-1.7299999999999898,0.20512442038645926,2018-07-23,0.0
105.83,106.07,104.55,104.94,0.2365705070292632,0.01217800291888685,102.72999999999999,0.8441816635636719,71.53945067047609,0.5799999999999983,2.2099999999999937,0.4105170628069968,2018-07-24,0.0
105.24,108.35,104.88,108.03,0.27599353122603765,0.013037265548450878,103.59199999999998,0.8330858387259877,79.037343983454,0.29999999999999716,-0.5900000000000034,0.07183190780975444,2018-07-25,0.0
107.95,108.2,106.74,106.85,0.28201643082969485,0.012744525945173087,104.12099999999998,0.8558613631159278,71.09060074772555,-0.0799999999999983,2.710000000000008,0.3346892547343589,2018-07-26,0.0
107.4,107.4,103.46,104.96,0.33265553239286205,0.016627515010684782,104.33999999999999,0.8221705149951042,60.300720342858796,0.5500000000000114,-0.5499999999999972,0.33994000418765263,2018-07-27,0.0
104.49,104.82,102.12,102.71,0.31164729899920984,0.017812618106370262,104.38499999999999,0.5686313362341411,50.21868940724424,-0.46999999999999886,-2.910000000000011,0.6428187083897154,2018-07-30,1.0
103.8,104.03,102.72,103.4,0.24860372107322679,0.017793246051748767,104.397,0.45121540259640613,52.90188957425277,1.0900000000000034,-0.6899999999999977,0.7546499425140782,2018-07-31,1.0
103.35,103.76,102.76,103.6,0.2124078923357254,0.0170632268791141,104.50999999999999,0.25776545871050804,53.70551632778009,-0.05000000000001137,-0.45000000000000284,0.7040659049244339,2018-08-01,1.0
102.74,105.36,102.19,104.86,0.23466205690111927,0.016626043453753132,104.81899999999999,-0.05836376334980357,58.64495340416279,-0.8599999999999994,-0.6099999999999994,0.31706721586045655,2018-08-02,0.0
105.08,105.32,104.12,105.31,0.16773865290209372,0.016307842674288975,104.99099999999999,-0.26622127360877956,60.324789508930145,0.21999999999999886,2.3400000000000034,0.5710083834658913,2018-08-03,0.0
105.39,105.68,104.85,105.4,0.18217832996680214,0.015551658858669843,105.006,-0.2636313200230091,60.67971933170614,0.0799999999999983,0.3100000000000023,0.59993141010493,2018-08-06,0.0
105.82,106.35,105.44,106.13,0.14455138836825265,0.01483206701963,105.125,-0.29762739311738073,63.613335811566394,0.4199999999999875,0.4299999999999926,0.5470444626804979,2018-08-07,0.0
106.57,106.98,106.02,106.73,0.13922336956961437,0.014316507902073632,104.995,0.3555622108226941,65.93440750523871,0.4399999999999977,0.75,0.4799588101170159,2018-08-08,0.0
106.94,107.38,106.83,106.9,0.12294985441662824,0.013630351556019616,105.00000000000003,0.8191664553364277,66.60503668303713,0.20999999999999375,0.37000000000000455,0.5195082880199585,2018-08-09,0.0
106.66,106.92,105.65,106.25,0.16346059630301837,0.013309557472727091,105.12900000000002,0.9265570947755867,61.464452876067575,-0.2400000000000091,-0.28000000000000114,0.4948221530311555,2018-08-10,0.0
106.48,106.81,105.37,105.48,0.16605673571426646,0.013148288038018131,105.40600000000002,0.7570831141529943,55.79625170006698,0.23000000000000398,-0.1799999999999926,0.6435498266861298,2018-08-13,0.0
105.82,106.98,105.31,106.8,0.15091678420310295,0.012517719832734387,105.74600000000001,0.6547507536975358,62.40076657853248,0.3399999999999892,-0.6600000000000108,0.4651050104480114,2018-08-14,0.0
106.16,106.65,104.53,105.35,0.26952745408437995,0.011994827086704985,105.921,0.08795276775916568,52.77638137899924,-0.6400000000000006,0.3400000000000034,0.5562834272042008,2018-08-15,1.0
105.97,106.52,104.99,105.33,0.19223207760371297,0.012492054374848464,105.968,-0.2923881036870067,52.651925100520344,0.6200000000000045,-0.18999999999999773,0.6954961902115171,2018-08-16,1.0
105.05,105.58,104.4,105.27,0.16236209133053045,0.01190209716185603,105.96400000000001,-0.5274471320865718,52.241277082173966,-0.28000000000000114,-0.9200000000000017,0.6473948822196859,2018-08-17,1.0
105.2,105.58,104.19,104.57,0.1610379523579652,0.011571623505741471,105.881,-0.7203783289204293,47.444539173508204,-0.06999999999999318,0.15000000000000568,0.7225391003053302,2018-08-20,1.0
104.62,105.04,103.58,103.7,0.20569460662824596,0.011950887818635826,105.638,-0.5912654877555537,42.10564587671789,0.05000000000001137,-0.5799999999999983,0.7797738805340453,2018-08-21,1.0
103.58,105.03,103.51,104.76,0.16181463672476518,0.011397584615762615,105.441,-0.4434101372850407,49.759238234507954,-0.12000000000000455,-1.0400000000000063,0.6152769983478135,2018-08-22,1.0
104.85,105.86,104.57,105.25,0.16331676586472207,0.011817150808519404,105.276,-0.17031397606657042,52.95373167429378,0.0899999999999892,1.269999999999996,0.6143731183003487,2018-08-23,1.0
105.36,106.23,105.25,106.07,0.15492336084989405,0.011778318815011072,105.258,-0.0962770062355184,57.92784633180034,0.10999999999999943,0.5100000000000051,0.5405458509330341,2018-08-24,1.0
106.92,107.28,106.18,107.25,0.1767523266820745,0.011540344970697482,105.43499999999999,-0.21976160596252936,64.01168596372322,0.8500000000000085,1.5600000000000023,0.45410448285043165,2018-08-27,0.0
107.58,108.13,107.43,107.89,0.17216053993946537,0.011797177553711152,105.54400000000001,-0.30298691776254866,66.8964667741855,0.3299999999999983,0.6599999999999966,0.4164632601515036,2018-08-28,0.0
108.08,109.62,107.9,109.61,0.18714137902826358,0.01243994772904892,105.97,0.09718605350416731,73.28988411575395,0.18999999999999773,0.5,0.1917600825781719,2018-08-29,0.0
109.27,110.19,109.05,109.55,0.20494668834910523,0.012174645132941395,106.39200000000001,0.46588674553365117,72.74532617587282,-0.3400000000000034,1.1899999999999977,0.28650899296026405,2018-08-30,0.0
109.29,110.36,109.12,109.92,0.20875819496395698,0.01164137146253833,106.85700000000001,0.6706724301674531,74.06565848095434,-0.2599999999999909,0.020000000000010232,0.2841565059255148,2018-08-31,0.0
108.47,109.55,107.85,109.31,0.2034715274163289,0.011643564775567057,107.33100000000002,0.7227914216923768,68.02867644473761,-1.4500000000000028,-0.8200000000000074,0.2692415419652681,2018-09-04,0.0
108.63,109.03,105.78,106.16,0.29550323124069033,0.016247298436611855,107.57700000000003,0.4669174287312149,46.351422287522084,-0.6800000000000068,0.1599999999999966,0.5946903244219914,2018-09-05,1.0
105.92,106.65,105.2,106.4,0.2110495936340648,0.01762361488953854,107.74100000000003,0.19672104860587758,47.760608976142066,-0.23999999999999488,-2.7099999999999937,0.6918630482844111,2018-09-06,1.0
105.9,106.38,104.93,105.89,0.2022489686908104,0.016768478586478012,107.80500000000004,-0.16669533673702575,44.97150825806714,-0.5,-0.01999999999999602,0.7419982668841612,2018-09-07,1.0
106.5,107.28,106.03,107.03,0.1863314338726076,0.016358973200028184,107.90100000000004,-0.4481270560834427,51.941842781623514,0.6099999999999994,0.5999999999999943,0.7146138919073418,2018-09-10,1.0
106.56,109.19,106.55,108.85,0.21845865908680256,0.017714081276886614,108.06100000000004,-0.5001348690927216,60.759025207654446,-0.46999999999999886,0.060000000000002274,0.3189243962200831,2018-09-11,0.0
109.04,109.45,108.14,109.31,0.1698196995561932,0.017773385807912462,108.20300000000002,-0.5102267664047645,62.681795430843124,0.19000000000001194,2.480000000000004,0.4801867633735894,2018-09-12,0.0
109.71,111.29,109.71,110.48,0.23422427300455492,0.017208199096822818,108.29000000000003,-0.18210832943840527,67.22089961946678,0.3999999999999915,0.6699999999999875,0.3691498752535968,2018-09-13,0.0
110.92,111.29,110.02,110.93,0.17189804938957462,0.016616097710579026,108.42800000000004,0.20961146053869384,68.84055729895553,0.4399999999999977,1.210000000000008,0.3717798279603611,2018-09-14,0.0
111.25,111.26,109.46,109.73,0.18640874273319183,0.01661815335072557,108.40900000000003,0.634312343971746,60.049134277283464,0.3199999999999932,0.3299999999999983,0.486617641129571,2018-09-17,0.0
109.78,111.26,109.32,110.78,0.19930314152645445,0.015908585351619847,108.55600000000004,0.9545470488169367,64.46157171461489,0.04999999999999716,-1.4699999999999989,0.3145293423389933,2018-09-18,0.0
110.62,110.89,108.65,109.3,0.19532533096732263,0.015320727126994244,108.87000000000003,0.7889690861789289,54.95564275249011,-0.1599999999999966,0.8400000000000034,0.512447954723389,2018-09-19,1.0
109.87,111.36,109.53,111.13,0.2131791830610893,0.014572964875576657,109.34300000000003,0.7282922307838579,62.54420583580716,0.5700000000000074,-0.75,0.38861163995311654,2018-09-20,0.0
111.55,112.81,111.07,111.81,0.6403124356695892,0.015077326965213375,109.93500000000002,0.735399189641154,64.98005256624985,0.4200000000000017,1.6799999999999926,0.37791992244131617,2018-09-21,0.0
110.6,112.43,109.81,112.21,0.24572081972562546,0.014349173544586747,110.45300000000002,0.8108591756074124,66.40788381074287,-1.210000000000008,-0.9500000000000028,0.2227285363217779,2018-09-24,0.0
112.33,112.63,111.31,111.99,0.2037717734562724,0.01368683985682844,110.76700000000002,0.8149221672782688,64.79347744853197,0.12000000000000455,1.730000000000004,0.5222066914528576,2018-09-25,0.0
112.01,112.59,111.3,111.53,0.1739629151193658,0.01341414092957277,110.98900000000003,0.7615375999472686,61.32964926263903,0.020000000000010232,-0.3199999999999932,0.608122714689995,2018-09-26,0.0
112.31,112.44,111.75,111.95,0.17161937791537557,0.012816384408262618,111.13600000000004,0.7784238035851996,63.31901655355691,0.7800000000000011,0.29999999999999716,0.6692880348302778,2018-09-27,0.0
111.74,112.11,111.24,111.91,0.19460078513440504,0.01219088344463355,111.23400000000004,0.8244140581557551,62.97618451723933,-0.21000000000000796,-0.5700000000000074,0.5891545878345982,2018-09-28,0.0
112.28,113.19,112.27,113.13,0.16974778433704507,0.0118206796097878,111.57400000000003,0.8115177385274989,68.71632289292269,0.37000000000000455,0.5400000000000063,0.5262677554816172,2018-10-01,0.0
112.82,113.35,111.98,112.68,0.18686450543454322,0.011276931409792728,111.76400000000004,0.847397909756912,64.610906634262,-0.3100000000000023,0.539999999999992,0.5276759408282417,2018-10-02,0.0
112.94,113.68,112.46,112.7,0.14965557104729235,0.010999263254982076,112.10400000000004,0.7802550985045725,64.71500939927617,0.2599999999999909,0.12000000000000455,0.6319419971199434,2018-10-03,0.0
112.15,112.29,109.23,110.37,0.31302627332637556,0.01271856203952029,112.02800000000002,0.05822726237296861,46.86838055761895,-0.5499999999999972,-0.789999999999992,0.6084294728757158,2018-10-04,0.0
110.21,110.74,108.26,109.72,0.26131203923694357,0.014689669581275785,111.81900000000003,-0.19602301465458524,43.17755009865464,-0.1600000000000108,-1.940000000000012,0.6944520794542994,2018-10-05,0.0
109.26,109.62,106.99,108.47,0.266451280585318,0.014292468863362568,111.44500000000002,-0.08275565674723953,36.958640019502326,-0.45999999999999375,-0.9499999999999886,0.750800465977284,2018-10-08,0.0
108.75,110.65,108.42,109.85,0.23550975754682804,0.0136367148163924,111.23100000000002,0.07463752442060405,46.4242962694977,0.28000000000000114,-0.5100000000000051,0.6801550213776949,2018-10-09,0.0
108.85,109.1,103.52,103.88,0.5517362581252961,0.017762554856943547,110.46600000000001,0.6521751097828077,26.963667878837438,-1.0,0.09999999999999432,0.8665857380247782,2018-10-10,1.0
103.09,106.59,101.96,103.63,0.5744614673761103,0.022785641013929173,109.63399999999999,0.8399479524743494,26.44781658627312,-0.789999999999992,-5.759999999999991,0.8330705522742361,2018-10-11,1.0
106.67,108.85,104.82,107.22,0.4291729480115891,0.025224184980573883,109.16499999999999,0.7698127384737924,43.649023824140606,3.0400000000000063,3.5799999999999983,0.7310820220646908,2018-10-12,0.0
106.57,107.13,104.65,105.29,0.2882730548955836,0.024236806910903817,108.381,0.7775328169735046,38.29883323298096,-0.6500000000000057,-0.10000000000000853,0.7954514805121539,2018-10-15,0.0
107.19,109.02,106.61,108.62,0.28415680753959155,0.02388624498459192,107.97499999999998,0.5930450802080854,50.03891220888852,1.8999999999999915,0.6200000000000045,0.5198282924462161,2018-10-16,0.0
109.28,109.41,107.2,108.33,0.23865245262360205,0.02499529991835388,107.53799999999997,0.3636703428584051,49.13427704099331,0.6599999999999966,2.0900000000000034,0.4823059828702905,2018-10-17,0.0
107.73,108.16,105.51,106.17,0.29221131208418394,0.02453595438885427,107.11799999999998,0.2681257587197643,42.739719260635816,-0.5999999999999943,-1.5499999999999972,0.5620239751777283,2018-10-18,0.0
106.59,108.48,105.89,106.33,0.2947220521726936,0.023722506949455137,106.77899999999997,0.11729580833290322,43.346561692630544,0.4200000000000017,-1.1400000000000006,0.5820072940269828,2018-10-19,0.0
106.97,108.17,105.91,107.27,0.23862908017737888,0.02298495466131529,106.65899999999996,-0.07546266386221462,47.01231136442889,0.6400000000000006,0.37999999999999545,0.46598767784296746,2018-10-22,0.0
105.45,106.63,102.85,105.78,0.3934697385252526,0.021864614433727718,106.25199999999998,-0.5166287105054209,42.20287209625175,-1.8199999999999932,-1.519999999999996,0.2370854393708039,2018-10-23,0.0
106.08,106.16,99.41,100.12,0.5744030362605524,0.028003567349827396,105.87599999999998,0.22142592076382298,29.475644624277553,0.29999999999999716,0.6299999999999955,0.7850287387706129,2018-10-24,1.0
104.26,106.92,103.87,105.97,0.5541678914727428,0.02688539408659044,106.10999999999999,0.5078888651310729,47.6172904180733,4.140000000000001,-1.8199999999999932,0.641439947056614,2018-10-25,0.0
103.42,106.41,102.51,104.66,0.4991194880355549,0.030388965976324383,105.854,0.5535342351789991,44.752903415789305,-2.549999999999997,-0.8400000000000034,0.3032387989050764,2018-10-26,0.0
105.79,106.36,99.45,101.62,0.4958734148312554,0.029875784814902363,105.487,0.8182746029540922,38.74356845157474,1.1300000000000097,2.3700000000000045,0.6150838434510401,2018-10-29,1.0
101.43,102.14,97.96,101.5,0.5874655368785738,0.029309970219785108,104.775,0.8208812106920519,38.51672839831536,-0.18999999999999773,-4.359999999999999,0.5615898594113233,2018-10-30,1.0
103.17,105.82,103.13,104.52,0.4590204607787879,0.030042645378287294,104.394,0.587249510759247,47.16663779659557,1.6700000000000017,1.7399999999999949,0.5419319758707583,2018-10-31,0.0
104.75,105.01,103.26,103.64,0.300104007385693,0.029643588738177493,104.141,0.49140788634107635,45.111798098600495,0.23000000000000398,1.5799999999999983,0.6460092145489678,2018-11-01,1.0
104.19,105.01,102.72,103.88,0.33872248006824757,0.028216660919304005,103.896,0.35122798840178054,45.82697288061818,0.5499999999999972,-0.5600000000000023,0.5218562838815393,2018-11-02,1.0
104.08,105.43,103.63,105.2,0.2510029925720568,0.027249613986866768,103.68900000000001,-0.018105662879050532,49.82240034522971,0.20000000000000284,-0.10999999999999943,0.35263871400275737,2018-11-05,0.0
105.07,106.5,104.0,105.41,0.21880385213871367,0.02637321525202264,103.65200000000002,-0.31545191342574985,50.468154942002066,-0.13000000000000966,0.9899999999999949,0.27411294222725885,2018-11-06,0.0
107.09,109.83,107.05,109.55,0.3407136326984118,0.027994052854062527,104.59500000000003,-0.0770687836242647,61.3606226399998,1.6800000000000068,2.0200000000000102,0.09644789911818441,2018-11-07,0.0
109.4,109.8,108.53,109.35,0.23052513391962215,0.028459268681357494,104.93300000000002,-0.09398956651351664,60.64477221158495,-0.14999999999999147,2.3100000000000023,0.16175085403900205,2018-11-08,0.0
108.47,109.06,106.42,107.22,0.2880132611664109,0.028395680529656787,105.18900000000001,0.018694293941500847,53.28827177187036,-0.8799999999999955,-0.9300000000000068,0.2276317912645083,2018-11-09,0.0
107.07,107.6,103.82,104.57,0.30223988939439295,0.02840580940154378,105.48400000000001,0.2274376652485935,45.63571565991819,-0.15000000000000568,-1.4000000000000057,0.4931239054492205,2018-11-12,0.0
105.24,106.4,104.35,104.64,0.3179965139097518,0.028112005196249453,105.79800000000003,0.20703616103907438,45.86389250427543,0.6700000000000017,-1.8299999999999983,0.7061543382413727,2018-11-13,0.0
106.23,106.39,102.67,103.16,0.3550373464722439,0.02701364265040264,105.66200000000003,0.007169400009781515,41.74756250715089,1.5900000000000034,0.9900000000000091,0.7655286868859507,2018-11-14,1.0
103.18,105.94,102.12,105.43,0.3461387370429001,0.02585418483825769,105.84100000000004,-0.09272842671233122,49.4754896457874,0.020000000000010232,-3.049999999999997,0.31913203536716567,2018-11-15,0.0
105.23,107.0,104.96,106.42,0.3011638579278888,0.026485793781635764,106.09500000000003,-0.20577798583763549,52.527314095634225,-0.20000000000000284,2.049999999999997,0.45565474024852587,2018-11-16,0.0
106.4,106.69,101.76,102.81,0.4024906038271482,0.027424460010688902,105.85600000000002,-0.4251764846586811,42.19977079144283,-0.01999999999999602,1.1700000000000017,0.6243220829774211,2018-11-19,1.0
100.04,101.19,97.64,99.96,0.5757936968108297,0.03161934916534272,105.311,-0.5123578199461986,35.99227690676421,-2.769999999999996,-6.359999999999999,0.6905305783027889,2018-11-20,1.0
101.81,102.63,100.48,101.33,0.25287728297110534,0.030157900397370933,104.489,0.09220512407275237,40.654839894460046,1.8500000000000085,1.769999999999996,0.880739093076091,2018-11-21,1.0
100.41,102.02,100.24,101.29,0.12426140822584256,0.028770663472056736,103.68300000000002,0.5329166273472731,40.55899335978112,-0.9200000000000017,-1.4000000000000057,0.7455631432664637,2018-11-23,1.0
102.98,104.79,102.78,104.63,0.29068311367728583,0.029900506622168886,103.424,0.37491174111960246,51.227087049116236,1.6899999999999977,2.5700000000000074,0.46480472726812083,2018-11-26,0.0
104.44,105.48,103.54,105.29,0.26181185001002316,0.03121408536920425,103.49600000000001,0.1620613724512177,53.076140028670395,-0.18999999999999773,1.4599999999999937,0.2958745515969165,2018-11-27,0.0
106.03,109.41,106.0,109.2,0.4206006538891301,0.03237101341513324,103.952,-0.0933512856072324,62.44745177342846,0.7399999999999949,1.5900000000000034,0.04858626993540867,2018-11-28,0.0
108.43,109.2,107.15,108.29,0.2528107613933933,0.03159812092471417,104.46499999999999,-0.08994645250617074,59.38073042748676,-0.769999999999996,2.4000000000000057,0.13744754591398806,2018-11-29,0.0
108.79,109.06,107.47,108.98,0.30263362521922904,0.030182948731722774,104.81999999999998,-0.09068065807626279,60.99453250872432,0.5,0.35999999999999943,0.16001528065965337,2018-11-30,0.0
111.05,111.46,108.82,110.16,0.3122271154535918,0.028742086392471267,105.19399999999999,-0.048947553870891454,63.73248769726029,2.069999999999993,2.259999999999991,0.13399547788266217,2018-12-03,0.0
110.01,110.7,106.34,106.65,0.40629401997984577,0.028620001860135132,105.578,0.14008454893842143,51.73101710016067,-0.14999999999999147,-1.039999999999992,0.2571290107408177,2018-12-04,0.0
103.99,107.36,103.19,107.31,0.44144617909945966,0.02723064558045849,106.31299999999999,0.4094067039129548,53.55817946075793,-2.660000000000011,-6.02000000000001,0.08695982173637308,2018-12-06,0.0
106.51,107.56,102.5,103.01,0.40492673187579165,0.028364495023205982,106.481,0.1373866850823012,42.03854539524847,-0.7999999999999972,2.5200000000000102,0.6597839331369444,2018-12-07,1.0
102.99,106.12,102.1,105.73,0.36678110175913614,0.028076994489802398,106.925,-0.17664719471445148,49.650040035207915,-0.020000000000010232,-3.5200000000000102,0.3690671368143213,2018-12-10,0.0
107.91,109.04,105.59,106.72,0.3809879533018524,0.028491430299349245,107.13400000000001,-0.3919422544431419,52.189146701903574,2.1799999999999926,4.920000000000002,0.5993249391092159,2018-12-11,0.0
108.98,109.35,107.16,107.2,0.32526354680467195,0.02719995242143405,107.32500000000002,-0.630034492743857,53.45368122071063,2.260000000000005,1.0700000000000074,0.6908217925139319,2018-12-12,0.0
107.69,108.96,106.76,107.56,0.2816685409570657,0.02587386424787661,107.16100000000002,-0.5114602162003807,54.45746494481255,0.4899999999999949,-1.2900000000000063,0.49399654203780197,2018-12-13,0.0
106.38,107.37,103.68,104.2,0.4228893557385199,0.026773982145114745,106.75200000000002,-0.5018313713301965,44.50449009399556,-1.1800000000000068,-1.3100000000000023,0.6033269886299658,2018-12-14,0.0
103.59,103.97,99.96,101.11,0.5120120889483388,0.02737524141369329,105.965,-0.10197774458513546,37.50099308675002,-0.6099999999999994,-2.789999999999992,0.7929177738457013,2018-12-17,0.0
101.96,102.71,100.75,102.18,0.4433501345264068,0.02671967549734714,105.167,0.5627407911219919,41.0690931947336,0.8499999999999943,-1.6300000000000097,0.8215499794399113,2018-12-18,0.0
101.86,105.04,99.6,101.9,0.6130610623136384,0.025565964937969324,104.69200000000001,0.7743328597108063,40.398497332244766,-0.3200000000000074,-0.09999999999999432,0.4820508759606542,2018-12-19,0.0
101.27,102.51,97.08,99.76,0.6322624258261935,0.02529996242851834,103.93700000000001,0.8887126290190343,35.47890420421933,-0.6300000000000097,-0.5900000000000034,0.5925936923668669,2018-12-20,0.0
99.88,101.22,95.78,96.54,1.0,0.0283698535762237,103.29,0.9445905396798339,29.47748468840295,0.11999999999999034,-1.3900000000000006,0.8677354806071859,2018-12-21,1.0
95.99,96.28,92.36,92.51,0.3949511920397044,0.028892439222546223,101.968,0.9652055183423284,23.86398795192573,-0.5500000000000114,-3.8900000000000006,0.9765471895811829,2018-12-24,1.0
93.5,98.95,92.34,98.82,0.46416599470883774,0.03633840975465776,101.178,0.871820695456161,42.81088946711437,0.9899999999999949,-2.489999999999995,0.25758226701379894,2018-12-26,0.0
97.59,99.44,94.74,99.43,0.44496193437556464,0.0417944093582123,100.401,0.7458250873165919,44.29978060450213,-1.2299999999999898,4.090000000000003,0.21851327872199827,2018-12-27,0.0
100.33,100.64,97.8,98.66,0.3433619106435423,0.03979325606013544,99.51100000000001,0.599071822138422,42.739171685834975,0.8999999999999915,2.739999999999995,0.6110239022267611,2018-12-28,0.0
99.54,100.63,98.71,99.82,0.2982126371220968,0.037929387444860664,99.07300000000001,0.35653867381839877,45.92771267944218,0.8800000000000097,-0.789999999999992,0.47108759892283475,2018-12-31,0.0
97.83,99.99,97.23,99.38,0.3175892939813254,0.03617615577731779,98.9,0.22125433124604693,44.87457084477329,-1.9899999999999949,-1.710000000000008,0.2331059380528679,2019-01-02,0.0
98.37,98.46,95.52,95.72,0.38276066345385423,0.03694618801852651,98.25399999999999,0.16121968431850447,37.02727987426961,-1.009999999999991,0.5400000000000063,0.6684243378157624,2019-01-03,1.0
98.0,100.74,97.22,100.17,0.39607846309985156,0.03523842375045623,98.081,-0.24652798416195765,49.061142827792345,2.280000000000001,-0.37000000000000455,0.2153733371285613,2019-01-04,0.0
99.89,101.49,99.24,100.3,0.32052703068352717,0.033520187144180716,98.13500000000002,-0.548894329260363,49.37516266256928,-0.28000000000000114,1.8900000000000006,0.23100692820910024,2019-01-07,0.0
101.26,102.18,99.96,101.03,0.2832956227902925,0.031982358298819666,98.58400000000002,-0.5787891214441555,51.25023242900444,0.960000000000008,1.3700000000000045,0.2689280924441519,2019-01-08,0.0
102.07,103.07,101.46,102.47,0.29018510078468496,0.0310460883296893,99.58000000000001,0.03037604071722699,54.910605224780916,1.039999999999992,0.8099999999999881,0.2853647647832168,2019-01-09,0.0
101.44,101.96,100.61,101.81,0.2702897554073503,0.029564663464254112,99.87900000000002,0.29976990318436664,52.88827933600074,-1.0300000000000011,-0.6299999999999955,0.2795326503467159,2019-01-10,0.0
101.41,101.66,99.89,101.03,0.25452773725055533,0.028612261382258218,100.03900000000002,0.46805073497740474,50.448495832201814,-0.4000000000000057,-0.030000000000001137,0.39130842575014163,2019-01-11,0.0
100.14,101.09,99.51,100.29,0.2556325348047187,0.027353992958672555,100.20200000000001,0.5020614719260299,48.10904872936722,-0.8900000000000006,-1.269999999999996,0.48863124725993734,2019-01-14,0.0
100.74,103.24,100.12,103.2,0.2839536470454981,0.02674481016962155,100.54,0.615484624622266,56.851772010003835,0.44999999999998863,0.5999999999999943,0.15408416180703963,2019-01-15,0.0
103.44,104.43,103.15,103.56,0.26836872011585544,0.02696807584147212,100.958,0.686712794822464,57.82842860402454,0.23999999999999488,2.700000000000003,0.3454378115564745,2019-01-16,0.0
103.19,104.79,102.95,104.29,0.25523610215916454,0.025693239486682583,101.81500000000001,0.8157481594583119,59.874753038722595,-0.37000000000000455,-0.25,0.2533302743663493,2019-01-17,0.0
105.61,106.04,104.08,105.85,0.3364517570236448,0.02490590052261496,102.38300000000001,0.8601239503948872,64.02021127115712,1.3199999999999932,2.4200000000000017,0.230528596517525,2019-01-18,0.0
104.91,105.25,103.05,103.86,0.29099864170129836,0.02499803443759693,102.739,0.8049340237845068,55.84292910111299,-0.9399999999999977,-0.7000000000000028,0.34484825506394173,2019-01-22,0.0
104.29,105.19,103.52,104.87,0.23259449435061005,0.024171773985324645,103.12300000000002,0.8093554397799891,58.80988233915144,0.4300000000000068,-0.6199999999999903,0.3816462179068012,2019-01-23,0.0
105.02,105.15,103.52,104.37,0.20823770856537227,0.022994385922745948,103.31300000000003,0.8205161705506493,56.71381408492291,0.14999999999999147,0.7299999999999898,0.4742700611996881,2019-01-24,0.0
105.39,106.02,104.37,105.32,0.28069948337904443,0.021872335021602712,103.66400000000003,0.8239346403609152,59.74288116490799,1.019999999999996,0.37000000000000455,0.4479143095448227,2019-01-25,0.0
104.43,104.64,102.85,103.27,0.2649779175330203,0.021966420657966626,103.88800000000003,0.6245191462380192,51.15924258465533,-0.8899999999999864,-0.9599999999999937,0.587709530523837,2019-01-28,0.0
103.07,103.16,100.41,101.16,0.28308077607308746,0.02430241491637361,103.97500000000005,-0.06936292614130476,43.93943229188281,-0.20000000000000284,-1.3600000000000136,0.7470309232647325,2019-01-29,0.0
102.81,104.54,102.53,104.54,0.4447228162718971,0.023525705157066472,104.10900000000004,-0.18853453348811594,55.19401598882667,1.6500000000000057,-0.2599999999999909,0.5029654756856861,2019-01-30,0.0
102.01,103.4,101.4,102.63,0.5001379873267405,0.022850724704016768,104.01600000000003,-0.4778649575560265,49.01555857560266,-2.530000000000001,-0.7999999999999972,0.46507337806234716,2019-01-31,0.0
101.99,102.3,100.58,101.01,0.3194447066353476,0.024078063708286013,103.68800000000003,-0.542911239909334,44.33815525031738,-0.6400000000000006,-0.020000000000010232,0.7733822883561658,2019-02-01,1.0
101.09,103.97,101.0,103.92,0.2815040348932643,0.024784509471333205,103.49500000000005,-0.36483023837924233,53.243458424502975,0.0799999999999983,-0.8999999999999915,0.3128540696260087,2019-02-04,0.0
104.23,105.42,104.13,105.37,0.24563901616384445,0.026870471073962454,103.64600000000007,-0.41066964630917235,57.04803761404188,0.3100000000000023,3.1400000000000006,0.3935319638333975,2019-02-05,0.0
105.15,105.15,103.71,104.2,0.18526978544993308,0.025564252643120657,103.5790000000001,-0.34222411056103597,53.16921560621986,-0.21999999999999886,0.9200000000000017,0.5040268350468591,2019-02-06,0.0
103.37,103.77,102.49,103.45,0.2675309078127795,0.025241775063102292,103.48700000000008,-0.2670515287323654,50.713297484550836,-0.8299999999999983,-1.7800000000000011,0.5101092830404507,2019-02-07,1.0
102.59,103.95,102.46,103.85,0.19292246370753519,0.024066395057958642,103.34000000000007,-0.2622902595114735,52.02643980516712,-0.8599999999999994,-0.7800000000000011,0.4260411640334827,2019-02-08,0.0
104.37,104.74,103.16,103.43,0.17002645581124412,0.02295473793245641,103.35600000000008,-0.25054464245195734,50.458031517427045,0.5200000000000102,1.7800000000000011,0.6166672495864666,2019-02-11,1.0
104.31,105.29,103.66,105.05,0.22524386001343016,0.02206180080078108,103.74500000000008,0.0065879803970563195,56.12643967058468,0.8799999999999955,-0.060000000000002274,0.4429437942212589,2019-02-12,0.0
105.65,105.92,104.87,104.97,0.16535915808852944,0.021337598768478464,103.78800000000008,-0.06683641253340072,55.77627700419999,0.6000000000000085,1.3400000000000034,0.5521696394975498,2019-02-13,1.0
104.48,105.44,103.84,105.06,0.1958314343220777,0.020318806192188663,104.03100000000009,0.34262845522420315,56.11848798670997,-0.4899999999999949,-1.1700000000000017,0.4083061075032019,2019-02-14,0.0
106.05,106.43,105.51,106.35,0.23918013054410156,0.019568081850033087,104.56500000000008,0.886984518808177,60.933011066978516,0.9899999999999949,1.5699999999999932,0.5056115850290341,2019-02-15,1.0
105.93,106.79,105.92,106.3,0.16215533507547952,0.01866046163764945,104.80300000000007,0.8977193541413555,60.646451528459444,-0.4199999999999875,-0.11999999999999034,0.47944848461885464,2019-02-19,0.0
106.45,106.53,104.9,105.75,0.19424031009842496,0.017963163907737303,104.84100000000008,0.9224822505122479,57.350006222322335,0.15000000000000568,0.519999999999996,0.5008293992221061,2019-02-20,1.0
105.5,108.05,105.47,107.98,0.2612607996433005,0.017539369180079173,105.21900000000008,0.9406508083227785,65.73947026862733,-0.25,-0.9500000000000028,0.1754275289582006,2019-02-21,0.0
108.61,109.75,108.39,109.52,0.24957457653172674,0.019228339667018483,105.82600000000006,0.9597818209245672,70.23242506301759,0.6299999999999955,3.1099999999999994,0.25933314105088706,2019-02-22,0.0
110.3,110.72,109.81,110.13,0.21350370048749528,0.01829438441523584,106.4540000000001,0.9705985852416262,71.85677092259517,0.7800000000000011,1.6899999999999977,0.3281913194629181,2019-02-25,0.0
109.81,111.76,109.72,110.89,0.19360206252848516,0.01748616607590717,107.20000000000009,0.9710303273384705,73.83339328740887,-0.3199999999999932,-0.4899999999999949,0.18371823318287553,2019-02-26,0.0
110.23,110.89,109.43,110.71,0.19315618816976665,0.016644424249704592,107.7660000000001,0.9570738914138588,72.49351502703718,-0.6599999999999966,0.4200000000000017,0.2547556284378861,2019-02-27,0.0
110.58,111.41,110.27,110.57,0.26144688027284635,0.016117705193807844,108.32600000000009,0.9246471918032427,71.37416332574446,-0.12999999999999545,0.3499999999999943,0.4073224978216168,2019-02-28,0.0
111.42,111.54,110.21,111.06,0.21126174353055183,0.01535811607217204,108.92600000000009,0.8989869302326112,72.99569679128854,0.8500000000000085,0.8400000000000034,0.4503927115457425,2019-03-01,0.0
111.54,111.77,109.35,110.79,0.23919001888673444,0.014822497709196638,109.37000000000009,0.8574780787774781,70.54898033529922,0.480000000000004,0.12000000000000455,0.395281776929048,2019-03-04,0.0
110.78,110.92,109.78,110.24,0.17563764078527824,0.01459232494726375,109.7640000000001,0.7661619516069832,65.5741798526676,-0.010000000000005116,-0.7600000000000051,0.6091766520261634,2019-03-05,1.0
110.41,111.19,109.97,110.29,0.15899556013415783,0.014110454274708919,110.2180000000001,0.6536515671953962,65.81765330103107,0.1700000000000017,-0.37000000000000455,0.6661099518315367,2019-03-06,1.0
109.95,110.09,108.44,108.95,0.22778246724935974,0.014144154707119206,110.3150000000001,-0.049742930104551435,54.367768791414214,-0.3400000000000034,-0.45999999999999375,0.7151164535458441,2019-03-07,1.0
107.73,109.26,107.38,109.07,0.20512377957625755,0.013992379863056006,110.2700000000001,-0.5134240819022455,55.14421454055869,-1.2199999999999989,-2.219999999999999,0.5696014502065888,2019-03-08,1.0
109.54,111.48,109.53,111.36,0.2381436524481289,0.014672565384981975,110.39300000000007,-0.45270180285928785,67.0368849966448,0.4700000000000131,1.8100000000000023,0.43960484996288124,2019-03-11,0.0
111.35,112.5,111.18,112.14,0.23491735592909518,0.015959761790818084,110.51800000000007,-0.11540422203983665,70.04281291114243,-0.010000000000005116,1.809999999999988,0.4318824927132735,2019-03-12,0.0
112.64,113.5,112.29,113.0,0.31924783872292956,0.015467150671214304,110.74700000000007,0.18022217293663234,73.0531782477464,0.5,1.2900000000000063,0.40932329525182604,2019-03-13,0.0
113.04,113.7,112.84,113.09,0.2765445815927603,0.014733741545263338,110.99900000000007,0.39485188665226667,73.36440868599858,0.04000000000000625,0.4000000000000057,0.45321108944451977,2019-03-14,0.0
113.83,115.72,113.09,114.4,0.4915504112202125,0.014142872259291216,111.33300000000008,0.7099575071752874,77.55666789524311,0.7399999999999949,0.789999999999992,0.22767950854219765,2019-03-15,0.0
114.65,116.07,114.53,116.03,0.2805376741359611,0.013644303310267902,111.85700000000008,0.9055133492751922,81.56757087396788,0.25,0.8200000000000074,0.19387138511485358,2019-03-18,0.0
116.55,116.89,115.46,116.11,0.33789994974924065,0.013175852957819372,112.44400000000007,0.9222484011296919,81.74547467954658,0.519999999999996,1.8999999999999915,0.2808358439580925,2019-03-19,0.0
115.86,117.2,115.19,115.99,0.2527217663096975,0.012789345339033404,113.01400000000008,0.8869383402589632,80.45132468557412,-0.25,-0.6899999999999977,0.2668260928574542,2019-03-20,0.0
115.61,119.24,115.56,118.65,0.2683732148170522,0.012931548748914985,113.98400000000008,0.9284325890393399,85.9354249891189,-0.37999999999999545,-0.25,0.0636342026468437,2019-03-21,0.0
117.94,118.03,115.51,115.52,0.30226416078085544,0.01288598618250872,114.62900000000009,0.8307812043055425,62.87426422869824,-0.710000000000008,2.3299999999999983,0.45512922431852265,2019-03-22,0.0
115.04,116.47,114.8,116.12,0.24331705352559868,0.012276434237346116,115.10500000000009,0.755582924481725,64.88154768708786,-0.47999999999998977,-2.8999999999999915,0.4451643231751627,2019-03-25,0.0
117.07,117.16,115.32,116.37,0.23460272684532205,0.011677250133390757,115.52800000000009,0.6784378175033268,65.73913473269494,0.9499999999999886,2.029999999999987,0.573788603089771,2019-03-26,0.0
116.34,116.67,114.01,115.25,0.2043596803728085,0.011964698820833172,115.75300000000009,0.46007078143137004,58.61419561087998,-0.030000000000001137,-0.7299999999999898,0.5800626854479435,2019-03-27,1.0
115.91,116.04,114.61,115.4,0.16481889500467897,0.012158223905784851,115.98400000000011,0.11183998337287059,59.271082760479544,0.6599999999999966,-0.4300000000000068,0.7254248519877153,2019-03-28,1.0
116.53,116.77,115.43,116.4,0.22832902291488563,0.011681171015554066,116.18400000000011,-0.17491711672967994,63.55590462410892,1.1299999999999955,0.6200000000000045,0.6654540620935763,2019-03-29,1.0
117.4,117.55,116.56,117.47,0.20486039008612747,0.01118127614864623,116.32800000000012,-0.07577003260920612,67.60741356118504,1.0,0.8700000000000045,0.5947354745849465,2019-04-01,0.0
117.51,117.92,116.97,117.63,0.16308843504392673,0.010747341361810495,116.48000000000013,-0.0034118195128819873,68.19487641365237,0.04000000000000625,0.10999999999999943,0.5543756106683935,2019-04-02,1.0
118.29,118.86,117.59,118.4,0.2055040312975034,0.010240408591212431,116.72100000000015,0.0698013018302034,71.00653826477506,0.6600000000000108,0.7800000000000011,0.5047553548066773,2019-04-03,1.0
118.53,118.66,116.83,117.8,0.1808020524603545,0.00984143269007082,116.63600000000012,0.7551172758174831,65.95815287032991,0.12999999999999545,0.23999999999999488,0.49609485089437744,2019-04-04,0.0
117.83,118.66,117.81,118.32,0.14226808016029902,0.009553991834648331,116.91600000000012,0.7971123078347042,68.13946027537101,0.030000000000001137,-0.7000000000000028,0.5609833783761428,2019-04-05,1.0
118.25,118.45,117.09,118.36,0.13588560446090103,0.009198400140429105,117.1400000000001,0.8763832333179786,68.3130000455854,-0.06999999999999318,0.4200000000000017,0.510626333170232,2019-04-08,1.0
117.08,117.98,117.03,117.72,0.15832135495464397,0.009222725682619195,117.27500000000009,0.8606477360045286,62.28204328566033,-1.2800000000000011,-1.1700000000000017,0.5683503944297931,2019-04-09,1.0
118.2,118.78,117.98,118.62,0.14812018111847944,0.008784094969474852,117.61200000000008,0.8019334091453731,66.85429510908988,0.480000000000004,1.1200000000000045,0.6373252938360199,2019-04-10,1.0
118.97,119.27,118.35,118.76,0.1277313175497406,0.008505653914103723,117.94800000000006,0.7858579208297364,67.53451126994166,0.3499999999999943,0.769999999999996,0.6537795591767409,2019-04-11,1.0
119.06,119.4,118.8,119.37,0.17749664920025782,0.008119343837731809,118.24500000000008,0.8611134086417096,70.46853712866375,0.29999999999999716,0.09000000000000341,0.6290423430067859,2019-04-12,1.0
119.36,119.99,119.0,119.47,0.1419660362398768,0.007791834934053139,118.44500000000008,0.880988641464387,70.94679670049793,-0.010000000000005116,0.29999999999999716,0.6056182119923922,2019-04-15,1.0
120.05,120.06,118.53,119.19,0.12649707260111054,0.007591050109407324,118.60100000000007,0.8631792243258936,67.5436642716071,0.5799999999999983,0.6899999999999977,0.6420350962640793,2019-04-16,1.0
119.66,120.26,118.97,120.18,0.173503556657057,0.0072603188969979846,118.77900000000007,0.9129188854804261,72.69004284835027,0.46999999999999886,-0.39000000000000057,0.5339649115577468,2019-04-17,1.0
120.59,121.91,119.72,121.76,0.2516223623969702,0.008760884962686325,119.17500000000007,0.8841743485778949,78.68371673190681,0.4099999999999966,0.9300000000000068,0.30271646858434925,2019-04-18,0.0
121.02,122.38,120.97,122.14,0.14067246123544952,0.008360681155123178,119.55700000000009,0.9346784505141263,79.86462410024694,-0.7400000000000091,0.4299999999999926,0.33863850653588673,2019-04-22,0.0
122.48,123.94,122.21,123.8,0.21597488720547348,0.008686238103217059,120.10100000000008,0.9682118189396557,84.1315944323759,0.3400000000000034,1.460000000000008,0.253752264875826,2019-04-23,0.0
124.15,124.21,122.89,123.38,0.28098175061420094,0.008345080871002412,120.66700000000007,0.9597098590221345,79.40132041852739,0.3500000000000085,1.6700000000000017,0.41576177724528923,2019-04-24,0.0
128.36,129.65,127.15,127.46,0.34190203169483496,0.010522263868410769,121.55100000000007,0.9743565961554412,87.18086600404612,4.980000000000018,4.210000000000008,0.28863032833192115,2019-04-25,0.0
128.01,128.82,127.34,128.19,0.2126434146784356,0.01351830357609098,122.49400000000007,0.9807660947979849,88.07613220271027,0.5499999999999972,-0.35000000000002274,0.15262279997372588,2019-04-26,0.0
128.2,128.48,127.66,128.08,0.14674480255227113,0.013402040307933813,123.36500000000005,0.9673068280414544,87.05817301827888,0.009999999999990905,0.18999999999999773,0.2537120646480792,2019-04-29,0.0
128.11,128.99,127.7,128.89,0.21724239294295955,0.01283762797278193,124.30700000000004,0.9556372137449349,88.17626290487107,0.030000000000001137,-0.08999999999997499,0.21155435728184094,2019-04-30,0.0
128.83,128.94,126.03,126.21,0.24111105417822928,0.014284867667454904,125.00900000000004,0.858423562321515,66.92158181176491,-0.05999999999997385,0.7199999999999989,0.46644326975191214,2019-05-01,0.0
126.31,126.33,123.88,124.56,0.2458619533432037,0.01841357661354866,125.44700000000003,0.6487710411175126,57.44855709310175,0.10000000000000853,-2.5200000000000102,0.6912838265208809,2019-05-02,0.0
125.7,127.74,125.59,127.22,0.22393590196517327,0.017561811264404283,125.99300000000002,0.5612764992026376,66.05547074563768,1.1400000000000006,-0.6099999999999994,0.5217579636425802,2019-05-03,0.0
124.74,126.88,124.46,126.48,0.21790131613840444,0.016971890906353097,126.42700000000002,0.35052815284487066,62.16850130554678,-2.480000000000004,-0.960000000000008,0.3866356880693354,2019-05-06,0.0
124.81,125.52,122.6,123.88,0.3237775985890234,0.01841953025316117,126.43500000000002,-0.07726097871544377,50.55494792610368,-1.6700000000000017,0.07000000000000739,0.6918570543561069,2019-05-07,1.0
123.8,124.72,123.12,123.87,0.25546982662139606,0.01862982535671361,126.48400000000001,-0.6749186586190385,50.514620921641566,-0.0799999999999983,-1.0100000000000051,0.842525141249134,2019-05-08,1.0
122.67,124.15,121.96,123.86,0.2448335657093852,0.017725875941039224,126.124,-0.7449505505483759,50.46988852861855,-1.2000000000000028,-1.1299999999999955,0.699028254517415,2019-05-09,1.0
123.28,126.26,122.2,125.47,0.27790827393585704,0.01740872601968503,125.852,-0.7261897989824488,57.243099665534125,-0.5799999999999983,0.6099999999999994,0.34704976059843373,2019-05-10,0.0
122.49,123.91,121.43,121.74,0.3051443653077387,0.018809801421494615,125.218,-0.37682455390083935,42.33898464564537,-2.980000000000004,-0.7900000000000063,0.7583101905305888,2019-05-13,1.0
122.25,124.24,122.08,123.1,0.22712893769535095,0.018526489414828408,124.63899999999998,0.2711810792454942,47.84074876334844,0.5100000000000051,-0.23999999999999488,0.7711880196657779,2019-05-14,1.0
123.09,125.52,122.54,124.83,0.2222422985542344,0.019779617554416144,124.50099999999998,0.3374443610179261,54.03905860226478,-0.009999999999990905,0.8400000000000034,0.4490822352211392,2019-05-15,0.0
125.56,128.16,125.27,127.72,0.2706906827541012,0.02220100102309977,124.81699999999998,0.06728461415631545,62.34476423227571,0.730000000000004,2.469999999999999,0.23194846483739134,2019-05-16,0.0
127.1,129.23,126.72,126.87,0.23166139438216288,0.02154719294304913,124.782,-0.12820259559366012,58.86822500610086,-0.6200000000000045,1.539999999999992,0.34289581453818474,2019-05-17,0.0
125.33,126.39,124.58,125.03,0.21311086360289855,0.02119877440642637,124.63699999999999,-0.2984691109550268,51.90638103892549,-1.5400000000000063,-1.769999999999996,0.48859049606771154,2019-05-20,0.0
126.23,126.33,125.39,125.71,0.13747762762479313,0.020429922842766447,124.81999999999998,-0.2843838100512077,54.13371573764132,1.2000000000000028,0.9000000000000057,0.6856426609863993,2019-05-21,0.0
125.43,127.03,125.33,126.47,0.1384053339518042,0.01970262377681446,125.07999999999997,-0.2027930671817979,56.62812870242655,-0.2799999999999869,-0.7999999999999972,0.4507308632064574,2019-05-22,0.0
125.01,125.1,123.57,124.99,0.21218405621612682,0.01887588885230845,125.19299999999998,-0.06044565426595378,50.666053031441415,-1.4599999999999937,-0.4200000000000017,0.5488574396046989,2019-05-23,0.0
125.72,126.22,124.79,125.05,0.1269609257646161,0.018330844920325117,125.15099999999998,-0.16793285108128433,50.8989175739973,0.730000000000004,0.7099999999999937,0.730228917667154,2019-05-24,0.0
125.79,126.8,124.86,124.97,0.2079104943182482,0.017436794734076076,125.47399999999998,0.0750699166795808,50.5454611390594,0.7400000000000091,0.07000000000000739,0.7391970835070028,2019-05-28,0.0
124.2,124.21,122.87,123.76,0.20462666562389598,0.0168644962762936,125.53999999999999,-0.41830958773265275,45.263138933457995,-0.769999999999996,-1.5900000000000034,0.7655621718768888,2019-05-29,0.0
124.08,124.58,123.61,124.55,0.15128804652195527,0.016055251662197036,125.51199999999999,-0.6636200185340408,49.12045441780145,0.3199999999999932,-0.12000000000000455,0.7720507282747695,2019-05-30,0.0
123.06,123.45,122.16,122.52,0.23953880769960295,0.015493022887559197,124.99199999999999,-0.36431292973861706,40.89276032554922,-1.4899999999999949,-1.019999999999996,0.804551397089988,2019-05-31,0.0
122.69,123.2,117.89,118.71,0.341449864754441,0.01711802137772261,124.17599999999997,0.5605240375403616,30.306583043953655,0.1700000000000017,-0.37000000000000455,0.875179234028324,2019-06-03,1.0
120.14,122.12,119.52,122.0,0.26413201476779025,0.016283805890333097,123.87299999999998,0.65097818610533,44.17303027945179,1.4300000000000068,-2.549999999999997,0.7609432330744093,2019-06-04,1.0
123.77,124.69,123.04,124.65,0.22407074300107604,0.022656949015396687,123.76699999999998,0.4973141386888285,52.61133800188779,1.769999999999996,3.6299999999999955,0.6330948340994956,2019-06-05,1.0
125.25,126.77,124.42,126.62,0.1929035859625088,0.024331985137430158,123.782,0.20117048337717428,57.87113416702412,0.5999999999999943,1.480000000000004,0.27043170195598104,2019-06-06,0.0
127.98,131.01,127.05,130.16,0.3046112937458031,0.026129451898346832,124.299,0.005488438244581033,65.51364824535906,1.3599999999999994,2.730000000000004,0.054871296778969,2019-06-07,0.0
131.15,132.82,130.76,131.35,0.2380133061134229,0.024857507302600158,124.929,0.07249353438766239,67.70207630235568,0.9900000000000091,3.1700000000000017,0.10796696049336653,2019-06-10,0.0
132.62,132.98,130.05,130.86,0.21496987201787812,0.023656403493184004,125.518,0.2493422076423865,65.79194015492901,1.2700000000000102,1.4699999999999989,0.13600906969820822,2019-06-11,0.0
130.16,130.73,129.48,130.25,0.15358124307254178,0.023014080263873467,126.167,0.46081624283898753,63.32078578268558,-0.700000000000017,-2.460000000000008,0.21860656588094038,2019-06-12,0.0
130.74,131.75,130.32,131.08,0.15462491269042924,0.0219317735326438,126.82000000000001,0.5987594510228234,65.29169377791582,0.4900000000000091,0.5800000000000125,0.26398454238244584,2019-06-13,0.0
131.02,132.53,130.4,131.2,0.16020643263656476,0.020866737283430616,127.68800000000002,0.6549248568376645,65.58872882076665,-0.060000000000002274,0.28000000000000114,0.2650162711740371,2019-06-14,0.0
131.38,132.47,131.28,131.6,0.13050634606861972,0.019866272774751555,128.977,0.6920881275917347,66.64593401307907,0.18000000000000682,0.3599999999999852,0.46303505158907193,2019-06-17,0.0
132.93,133.97,132.31,133.89,0.23313565637469988,0.019422871740277858,130.166,0.7826816558745107,72.09869088280053,1.3300000000000125,1.5500000000000114,0.3258538543287957,2019-06-18,0.0
133.73,134.65,132.55,134.41,0.2134479661926555,0.01897293935075836,131.142,0.857581461936696,73.20394847301482,-0.1599999999999966,0.799999999999983,0.25880060025479507,2019-06-19,0.0
136.16,136.37,134.44,135.66,0.29703322752806716,0.018105683425040296,132.046,0.9170689777454634,75.76781632874288,1.75,2.430000000000007,0.36480122041689644,2019-06-20,0.0
135.3,136.43,135.18,135.68,0.3301618721689001,0.017222918883917873,132.598,0.9323110256973418,75.80896508894921,-0.3599999999999852,-0.8599999999999852,0.3632109254523199,2019-06-21,0.0
135.71,137.1,135.71,136.48,0.18544058409540992,0.016407174266223255,133.11100000000002,0.9714087315357195,77.506572715263,0.030000000000001137,0.4099999999999966,0.3597271712912611,2019-06-24,0.0
135.96,136.3,131.48,132.18,0.29959340932974116,0.018733326573160645,133.24300000000002,0.8201710643141055,54.61666631765496,-0.5199999999999818,0.25,0.5448966648064542,2019-06-25,1.0
133.09,134.46,132.34,132.67,0.21266858500513744,0.02044006657010416,133.48500000000004,0.6485968672618591,56.25251703703038,0.9099999999999966,-2.8700000000000045,0.7815670568420099,2019-06-26,0.0
132.88,133.44,132.25,132.89,0.14884203013067895,0.01946630881342872,133.66600000000003,0.45498719046607083,57.02527671933664,0.21000000000000796,-0.21000000000000796,0.7948365366585314,2019-06-27,0.0
133.3,133.33,131.91,132.7,0.2700686161084697,0.018528512081607582,133.81600000000003,0.11757139448787024,56.07478699130398,0.410000000000025,0.4200000000000159,0.7985844284726122,2019-06-28,1.0
135.35,135.41,133.7,134.4,0.20364771970324186,0.017908357505557713,134.09600000000006,-0.2722127420254887,62.31872307714907,2.6500000000000057,2.049999999999983,0.7790438830188607,2019-07-01,0.0
134.84,135.31,134.07,135.3,0.13697871579195287,0.01772994654669254,134.23700000000002,-0.2932918354702076,65.22639478402937,0.4399999999999977,-0.5099999999999909,0.5983036603356076,2019-07-02,0.0
135.51,136.44,135.01,136.17,0.12251926204197872,0.017051037150484137,134.41300000000004,-0.15374986669967144,67.8878738471144,0.20999999999997954,0.6699999999999875,0.5085308754654488,2019-07-03,0.0
134.66,136.04,134.44,135.77,0.1630776477610545,0.016421994904755214,134.42400000000004,0.1477361273781463,65.33336964125735,-1.509999999999991,-0.8499999999999943,0.42357184694919453,2019-07-05,0.0
135.12,135.81,134.1,135.67,0.1508394753425187,0.01570917196669611,134.42300000000003,0.48501085220217116,64.65754946289407,-0.6500000000000057,0.46000000000000796,0.4831065949127581,2019-07-08,0.0
134.72,135.68,134.52,135.18,0.17936644489810963,0.01516615026420859,134.29300000000003,0.9623271066526804,61.2102890090085,-0.9499999999999886,-0.4000000000000057,0.5903953185195145,2019-07-09,1.0
135.84,137.28,135.73,136.55,0.2175830912936739,0.014454806773883491,134.73000000000002,0.9691806449668983,66.72208290706827,0.6599999999999966,1.1200000000000045,0.5567468281969012,2019-07-10,0.0
136.9,137.91,136.57,137.1,0.20071447770223683,0.014105706926606813,135.173,0.9415709142017571,68.70562886568227,0.3499999999999943,1.0600000000000023,0.557396927069891,2019-07-11,0.0
137.54,137.82,136.71,137.59,0.170230515245577,0.013445191820409845,135.64299999999997,0.9018446067692308,70.44922496541301,0.4399999999999977,0.6399999999999864,0.5639149276199347,2019-07-12,0.0
138.13,138.23,137.16,137.59,0.14968703395566965,0.012877678999683,136.13199999999998,0.9167493413451728,70.44922496541301,0.539999999999992,0.5900000000000034,0.6498303652385438,2019-07-15,0.0
137.65,137.74,135.24,135.79,0.20429405773533582,0.013348767793927768,136.27099999999996,0.635156368176344,56.23879880247278,0.060000000000002274,-0.47999999999998977,0.6973819534692324,2019-07-16,1.0
136.4,136.63,134.94,134.99,0.18168481177539797,0.014287739916510203,136.23999999999995,0.24768187245096343,51.14428261582846,0.6100000000000136,-1.25,0.8323226465718868,2019-07-17,1.0
134.28,135.34,133.4,135.14,0.27695180152118665,0.013693544656414562,136.13699999999994,0.10621748408790187,52.04922576562324,-0.710000000000008,-2.1200000000000045,0.6675648532813558,2019-07-18,1.0
138.9,139.35,135.17,135.34,0.44041239782420505,0.01304419002489722,136.09399999999994,-0.009259589937766214,53.32990628162578,3.7600000000000193,4.6200000000000045,0.7955706260958139,2019-07-19,1.0
136.12,137.88,136.04,137.13,0.22540836607723155,0.012988034929486487,136.23999999999992,-0.006239310653315812,63.1240936432928,0.7800000000000011,-2.780000000000001,0.5970564744970874,2019-07-22,0.0
138.45,138.67,136.73,137.98,0.1621202764061448,0.01346891486682212,136.51999999999992,-0.12625331873799214,66.80020396029298,1.3199999999999932,2.329999999999984,0.5787183512450792,2019-07-23,0.0
137.59,139.42,137.54,139.4,0.18642492365750019,0.013411078164201198,136.80499999999992,0.21992933553297606,71.98431189727,-0.38999999999998636,-0.8599999999999852,0.3253615592503876,2019-07-24,0.0
139.11,139.29,138.01,138.87,0.16501756079757574,0.012768103942829087,136.9819999999999,0.5537376733878265,67.6063580720448,-0.28999999999999204,1.5200000000000102,0.5123890524307078,2019-07-25,0.0
139.05,140.35,138.98,140.01,0.17113664700684364,0.012145605520237732,137.22399999999993,0.8664032619534672,71.71729435085227,0.18000000000000682,-0.060000000000002274,0.43077491430670534,2019-07-26,0.0
140.17,140.18,138.06,139.7,0.14927711720652523,0.011742811546308449,137.43499999999995,0.9176204713278543,69.06892826374201,0.1599999999999966,1.1199999999999761,0.41210808584610087,2019-07-29,0.0
138.82,139.89,138.49,139.03,0.15143996742240573,0.011659718476744609,137.75899999999996,0.8456692290292107,63.44283053674322,-0.8799999999999955,-1.3499999999999943,0.5506982794661535,2019-07-30,0.0
139.01,139.17,133.81,134.99,0.3469801451069334,0.015671494747060238,137.75899999999996,0.41174855317296644,41.04356815599048,-0.020000000000010232,0.18999999999999773,0.6910627543073145,2019-07-31,1.0
135.71,139.61,135.64,136.76,0.36458768757511767,0.015654536385849585,137.92099999999996,0.13184212467788645,49.69030500779639,0.7199999999999989,-3.299999999999983,0.6514639839402528,2019-08-01,0.0
136.79,137.02,133.99,135.61,0.2767980827402575,0.015020816608098175,137.94799999999998,-0.33418050966700014,44.93292536606839,0.030000000000001137,1.079999999999984,0.770409216662362,2019-08-02,0.0
132.05,132.67,129.55,130.97,0.38429335656194913,0.017383083640086044,137.33199999999997,-0.3105904657105824,31.43890873715999,-3.5600000000000023,-4.739999999999981,0.877949879065579,2019-08-05,1.0
132.54,134.4,131.96,133.42,0.29392379324014917,0.016904555785286882,136.87599999999998,-0.10367690208030843,41.709187866938414,1.5699999999999932,0.4899999999999807,0.9090295774817475,2019-08-06,1.0
132.53,134.37,130.59,134.01,0.3003763862782166,0.01826888132453637,136.33699999999996,0.21638946678560217,43.955553906123384,-0.8899999999999864,-0.009999999999990905,0.6054284294243575,2019-08-07,0.0
135.32,137.68,134.65,137.58,0.2471771029133754,0.020172871917899963,136.20799999999994,0.15005302373493057,55.48820644799052,1.3100000000000023,2.789999999999992,0.42459626032856496,2019-08-08,0.0
137.31,138.07,135.18,136.41,0.21095160914797545,0.019899671002426803,135.84799999999996,0.10487348704364131,51.62016473531402,-0.27000000000001023,1.990000000000009,0.5010142694009697,2019-08-09,0.0
135.78,136.56,133.97,134.51,0.18407239705111644,0.019531767101377828,135.32899999999995,0.10900859498499173,45.85275122624303,-0.6299999999999955,-1.5300000000000011,0.6669769932597841,2019-08-12,0.0
134.77,137.49,133.73,137.3,0.22612482144799495,0.018665532199325586,135.15599999999995,-0.25341879456417293,54.20149444776996,0.2600000000000193,-1.009999999999991,0.2032662287475439,2019-08-13,0.0
135.53,136.08,132.85,133.16,0.2924009884746872,0.018069215206190373,134.97299999999996,-0.08600511481294514,43.2155301684904,-1.7700000000000102,0.7599999999999909,0.6616361055290026,2019-08-14,1.0
133.57,133.76,131.44,132.86,0.25237207855658966,0.01976245836224659,134.58299999999997,-0.09698795402000983,42.52160132907372,0.4099999999999966,-1.960000000000008,0.7682952377813447,2019-08-15,1.0
134.06,135.63,133.9,135.3,0.21978279805936782,0.01965866858061765,134.55199999999996,-0.28334111689898883,49.805403199582685,1.1999999999999886,0.4900000000000091,0.6244899633552982,2019-08-16,0.0
137.01,137.7,136.05,137.56,0.2189431878758132,0.01946217854843087,135.21099999999996,0.037893093559118164,55.59633422277523,1.7099999999999795,2.9499999999999886,0.5003231485582215,2019-08-19,0.0
137.37,137.86,136.4,136.42,0.19031284019269684,0.01866012277781232,135.51099999999994,0.3376664169243622,52.219731552034645,-0.18999999999999773,0.36000000000001364,0.6256743911310083,2019-08-20,0.0
137.7,138.64,137.16,137.94,0.13457405065168673,0.01775528542796219,135.90399999999994,0.6789216756393001,56.16395402710531,1.2800000000000011,0.3299999999999841,0.5742407301289498,2019-08-21,0.0
137.81,138.35,135.46,136.94,0.1680748565516113,0.01690452330850822,135.83999999999997,0.6579112183166687,52.96772396292021,-0.12999999999999545,0.11000000000001364,0.448876150998518,2019-08-22,0.0
136.35,137.51,131.99,132.58,0.3461693010110381,0.02017653729881341,135.45699999999994,0.5025724121041895,41.520774141434686,-0.5900000000000034,-1.460000000000008,0.6744278724442877,2019-08-23,1.0
134.17,134.73,133.08,134.62,0.18259813505857944,0.019912651180591927,135.46799999999996,0.4861444609629885,47.42739547119245,1.589999999999975,-2.180000000000007,0.8000960166837181,2019-08-26,0.0
135.56,135.89,133.84,134.91,0.2076740730352987,0.01971272039623791,135.22899999999998,0.541583156746699,48.25295499183436,0.9399999999999977,1.3900000000000148,0.7316953355333613,2019-08-27,0.0
134.06,134.93,132.73,134.73,0.15635537265118152,0.01875082742648683,135.38599999999997,0.4939306683311971,47.735983294227616,-0.8499999999999943,-1.5,0.6147657585274922,2019-08-28,0.0
136.41,137.59,136.07,137.28,0.18130456005415216,0.01850981758385046,135.82799999999997,0.37664517365627853,55.27802594940028,1.6800000000000068,2.3499999999999943,0.6347442711743859,2019-08-29,0.0
138.3,138.33,135.44,137.02,0.21520719224106702,0.01812550775884993,135.99999999999997,0.5025602429140398,54.38885195955627,1.0200000000000102,1.8900000000000148,0.5235206926126037,2019-08-30,0.0
135.78,136.36,134.87,135.21,0.1696237305840145,0.018008059747530013,135.765,0.7324792072298825,48.37050077929641,-1.240000000000009,-2.5200000000000102,0.7002528056451751,2019-09-03,0.0
136.46,136.85,135.65,136.79,0.16177238653351564,0.017173356851333376,135.80199999999996,0.784546379879186,53.37460307110212,1.25,0.6800000000000068,0.68523912464895,2019-09-04,0.0
138.26,139.52,137.91,139.19,0.23463958339513546,0.018302788428413243,135.92699999999996,0.7727079355379499,59.929484511645704,1.4699999999999989,1.799999999999983,0.4136826062890635,2019-09-05,0.0
139.17,139.32,137.36,138.25,0.18719981014382145,0.017504168043766873,136.05799999999996,0.8025154702997216,56.47432988652087,-0.020000000000010232,0.9099999999999966,0.4342684154812044,2019-09-06,0.0
138.74,138.9,135.63,136.68,0.23169195835030082,0.017381205886172608,136.468,0.6554129315466394,51.01596753726662,0.4900000000000091,-0.4299999999999784,0.5709460036794022,2019-09-09,1.0
135.96,136.05,133.69,135.25,0.2598242931408163,0.01820817167909484,136.531,0.3233618926201618,46.47046246843756,-0.7199999999999989,-2.780000000000001,0.676972765002743,2019-09-10,1.0
135.08,135.44,134.27,135.29,0.22227286252237238,0.017655807222486292,136.569,-0.037338091268730056,46.61828817370641,-0.1699999999999875,-0.8799999999999955,0.7931830155400785,2019-09-11,1.0
137.01,137.57,136.03,136.68,0.24280375864892878,0.01708573213515334,136.76399999999998,-0.35807606911256007,51.761801272809016,1.7199999999999989,1.9299999999999784,0.7777012109850906,2019-09-12,1.0
136.94,137.22,135.74,136.48,0.21002030706000696,0.01641499841709139,136.684,-0.32865127093674584,50.97654674038655,0.2599999999999909,-0.06999999999999318,0.7156665796904453,2019-09-13,1.0
135.0,135.87,134.83,135.5,0.15040528720691176,0.015849340410721904,136.53199999999998,-0.3545780672871622,47.08735845417464,-1.4799999999999898,-1.9399999999999977,0.7301915271063261,2019-09-16,1.0
136.12,136.68,135.6,136.55,0.16013901211861337,0.015076437846221081,136.666,-0.6368815750512384,51.493042106355226,0.6200000000000045,1.1200000000000045,0.7441286252724834,2019-09-17,1.0
136.52,137.82,135.7,137.67,0.21558474714159478,0.015040984562471469,136.754,-0.6376324685324892,55.84988518255209,-0.030000000000001137,0.4000000000000057,0.4783583319514787,2019-09-18,0.0
139.44,141.5,139.21,140.21,0.3215698013611753,0.01608606385597737,136.856,0.13774672332251456,63.99816142367696,1.7700000000000102,2.9199999999999875,0.3720379635441334,2019-09-19,0.0
140.15,140.79,137.41,138.59,0.3520906203676486,0.015312406962223697,136.89,0.8122806907658391,56.59600179085278,-0.060000000000002274,0.710000000000008,0.35680124864033724,2019-09-20,0.0
138.38,138.78,137.59,138.29,0.15407206444322788,0.01471956731593172,137.051,0.8304366393439122,55.28039585509881,-0.21000000000000796,-1.7700000000000102,0.5922783908235922,2019-09-23,0.0
139.5,139.83,136.04,136.54,0.2676432753426985,0.015127413689912847,137.17999999999998,0.4944840906778607,48.04209985937649,1.210000000000008,1.1200000000000045,0.6903459718561709,2019-09-24,0.0
136.66,139.11,135.2,138.51,0.19221140197820788,0.01439118345661241,137.50199999999998,0.4396517017602258,55.354045800182675,0.12000000000000455,-2.8400000000000034,0.31347036769979514,2019-09-25,0.0
138.59,139.32,137.59,138.69,0.15692440182269124,0.014272042969912559,137.70299999999997,0.468349140854247,55.98292371435629,0.0800000000000125,1.9300000000000068,0.5903012687767394,2019-09-26,0.0
139.29,139.5,135.82,136.89,0.20206109018078589,0.014337091898540126,137.74399999999997,0.23122591825311825,48.40678431183435,0.5999999999999943,0.6999999999999886,0.6636676764520415,2019-09-27,0.0
137.21,138.37,136.94,138.18,0.15534496382215007,0.013811831877122552,138.01199999999997,0.0007118394538204183,53.42573665189111,0.3200000000000216,-2.079999999999984,0.678680761159032,2019-09-30,0.0
138.81,139.39,136.16,136.23,0.19297190542069953,0.013339177414451134,137.97999999999996,-0.4130409914433096,45.922503794513794,0.6299999999999955,1.5999999999999943,0.7972524424141151,2019-10-01,0.0
135.42,135.54,132.76,133.83,0.27437184303424694,0.016228906416873013,137.59599999999995,-0.4259504871305934,38.52372132212171,-0.8100000000000023,-3.390000000000015,0.8485903624125108,2019-10-02,1.0
134.13,135.92,132.41,135.45,0.21694034902253734,0.01549998452689415,137.11999999999995,-0.09231002587442304,45.151400893750264,0.29999999999998295,-1.289999999999992,0.6406920859444382,2019-10-03,1.0
135.92,137.41,135.59,137.28,0.20583663918606354,0.01688151123086594,136.98899999999998,0.04932375178610597,51.68867171283068,0.46999999999999886,1.789999999999992,0.6360560091110248,2019-10-04,0.0
136.3,137.34,136.18,136.28,0.13757111740968572,0.01625372504737836,136.78799999999995,0.22525256088557366,48.200567217025316,-0.9799999999999898,0.3800000000000239,0.7436407751805655,2019-10-07,1.0
136.24,136.92,134.79,134.84,0.22968372585558886,0.016388599732987678,136.61799999999997,0.3832551158937256,43.50338753378871,-0.03999999999999204,-0.060000000000002274,0.8251680636779178,2019-10-08,1.0
136.62,137.85,136.13,137.4,0.1775397983317467,0.015857717164317966,136.50699999999998,0.22870238313422261,52.62319655271641,1.7800000000000011,0.37999999999999545,0.6727788081281626,2019-10-09,0.0
137.64,138.82,137.41,138.25,0.15870430349660786,0.01696868084011861,136.46299999999997,-0.08124298624579612,55.286024294538414,0.23999999999998067,1.0199999999999818,0.5229175512453722,2019-10-10,0.0
139.26,140.17,138.65,138.83,0.22874433330546617,0.016340743498212164,136.65699999999998,-0.22150434214410653,57.113551937397155,1.009999999999991,1.6200000000000045,0.5413606317439211,2019-10-11,0.0
138.84,139.43,138.67,138.7,0.11959770626408527,0.015582635383021327,136.70899999999997,-0.533933281759299,56.53806632747022,0.009999999999990905,-0.4199999999999875,0.558461628974878,2019-10-14,1.0
139.2,140.92,138.96,140.71,0.17705257272201802,0.01519751589647945,137.15699999999998,-0.34498097279665435,62.951317668089914,0.5,0.3599999999999852,0.26953442990324056,2019-10-15,0.0
139.93,140.13,138.68,139.55,0.18654448270933396,0.014478110982129703,137.72899999999998,0.3379768972145757,57.509680360710334,-0.7800000000000011,0.7300000000000182,0.4617438740293208,2019-10-16,0.0
140.09,140.56,138.17,138.84,0.19291796900633842,0.014692370587724303,138.06799999999996,0.4569579902325361,54.316562879614324,0.539999999999992,0.1599999999999966,0.6023558826842331,2019-10-17,1.0
138.91,139.15,135.73,136.57,0.29011947814721223,0.015657789901691664,137.99699999999996,0.23150716113469422,45.36808118425003,0.06999999999999318,-1.1800000000000068,0.7005346331328055,2019-10-18,1.0
137.6,137.65,136.17,137.58,0.18049101913753876,0.01506551835252184,138.12699999999995,0.11381829690886183,49.48253008040954,1.0300000000000011,-1.3100000000000023,0.7691461855568412,2019-10-21,1.0
138.12,139.16,135.43,135.54,0.2465882970566,0.014537239685706397,138.19699999999995,-0.3496912798182589,42.32830808885211,0.539999999999992,0.5200000000000102,0.8271561553217954,2019-10-22,1.0
136.04,136.61,134.78,136.4,0.2682851186735957,0.014056098562372905,138.09699999999995,-0.5318460790631154,45.98628009042534,0.5,-2.0800000000000125,0.7901996839020132,2019-10-23,1.0
138.54,139.56,137.82,139.09,0.3328712780503065,0.015677906933914132,138.18099999999995,-0.5160002811786047,55.74239509895706,2.1399999999999864,2.5,0.6708971844382297,2019-10-24,1.0
138.49,140.28,138.35,139.87,0.23336218931501654,0.01655182580438195,138.28499999999994,-0.39272539094242953,58.17625488847272,-0.5999999999999943,-0.04999999999998295,0.4121743061771609,2019-10-25,0.0
143.52,144.78,142.63,143.31,0.3171470153835643,0.01693652384083441,138.74599999999992,0.10807280683554374,67.05446700138894,3.6500000000000057,5.030000000000001,0.3919091903786677,2019-10-28,0.0
143.2,143.62,141.78,141.96,0.18508730058134465,0.01634146160538641,138.87099999999992,0.6720323149268902,61.37357137728263,-0.11000000000001364,-0.3200000000000216,0.37597379518646795,2019-10-29,0.0
142.64,144.11,141.92,143.73,0.16627338031195024,0.015585367126632972,139.28899999999993,0.878540549149214,65.61711262850322,0.6799999999999784,-0.5600000000000023,0.2167982276245057,2019-10-30,0.0
144.02,144.05,142.12,142.49,0.22118514483275667,0.014845518848153312,139.65399999999994,0.8404959493424519,60.447827594020964,0.29000000000002046,1.3800000000000239,0.4214101512310865,2019-10-31,0.0
143.38,143.54,142.1,142.84,0.297804518253431,0.014597951129156215,140.28099999999995,0.7659861588887726,61.401475194220566,0.8899999999999864,-0.6400000000000148,0.49203745272721905,2019-11-01,0.0
143.95,144.11,143.28,143.67,0.15202877327918118,0.013887969325873072,140.88999999999996,0.7379460956269376,63.70719061625852,1.1099999999999852,0.5699999999999932,0.5673618895162336,2019-11-04,1.0
144.08,144.13,143.03,143.58,0.16405839156218735,0.013210191989853905,141.69399999999996,0.7081822119613546,63.25196059284748,0.410000000000025,0.13000000000002387,0.5960386157312326,2019-11-05,1.0
143.49,143.64,142.33,143.18,0.14900653619448032,0.01281981319351518,142.37199999999996,0.6501659334459237,61.096050948186864,-0.09000000000000341,-0.5900000000000034,0.6532930665869034,2019-11-06,1.0
142.96,144.0,142.89,143.38,0.15989180355279162,0.012310853997375052,142.80099999999996,0.5606072940940799,61.81903866287238,-0.21999999999999886,-0.5300000000000011,0.6967447719409883,2019-11-07,1.0
143.1,145.1,142.88,145.07,0.15041697343002333,0.012055216960298496,143.32099999999997,0.620429014414897,67.4912421762628,-0.28000000000000114,0.13999999999998636,0.4225240701720221,2019-11-08,0.0
144.45,145.53,143.85,145.22,0.12911119081714567,0.011516838342021508,143.51199999999997,0.7618892586808563,67.96065038710786,-0.6200000000000045,1.3499999999999943,0.4942862620847061,2019-11-11,0.0
145.39,146.67,145.17,146.17,0.1675768436590104,0.011000422416635972,143.93299999999996,0.7525861642677978,70.9159099059011,0.1699999999999875,0.9399999999999977,0.5107547764324035,2019-11-12,1.0
145.84,146.56,145.39,146.41,0.1520934969764145,0.010520192670172679,144.20099999999996,0.8747779873456298,71.64993534916482,-0.3299999999999841,0.45000000000001705,0.5096012999962137,2019-11-13,1.0
146.12,147.5,146.1,147.16,0.177359111343637,0.010022289403567641,144.66799999999998,0.8832919494393677,73.93414092745859,-0.28999999999999204,0.28000000000000114,0.4615819798046278,2019-11-14,0.0
148.02,149.07,147.36,149.05,0.2111224077934523,0.010298609503896723,145.289,0.8992053266691784,78.73216522776355,0.8600000000000136,1.9000000000000057,0.34897932602280013,2019-11-15,0.0
149.15,149.63,148.07,149.42,0.19357779114202267,0.009864101641136894,145.86399999999998,0.9678791179020012,79.55093403088902,0.09999999999999432,1.1299999999999955,0.3537090006145793,2019-11-18,0.0
149.96,150.41,149.28,149.47,0.21516763887053553,0.009430241362806442,146.453,0.9819818706638928,79.66846005761134,0.5400000000000205,0.8100000000000023,0.5227402008841149,2019-11-19,0.0
149.9,150.43,148.06,149.21,0.23099887542576056,0.009218956243041742,147.05599999999998,0.9474267746434877,77.10798376308216,0.4300000000000068,-0.060000000000002274,0.4727575927977689,2019-11-20,0.0
148.99,149.39,148.1,149.07,0.16698803780223495,0.009067673672813224,147.625,0.9038828014345405,75.65328093768251,-0.21999999999999886,-0.9099999999999966,0.6036713390942349,2019-11-21,1.0
149.66,149.89,148.41,149.18,0.142947678981249,0.008729002976362985,148.036,0.8569606406957,76.04777720454986,0.5900000000000034,0.6699999999999875,0.6861721972568381,2019-11-22,1.0
149.59,150.94,149.51,150.82,0.20155049212483403,0.008578389910845202,148.596,0.8643301697824258,81.11645453443947,0.4099999999999966,-0.06999999999999318,0.536078657754813,2019-11-25,0.0
150.95,152.0,150.91,151.62,0.22131998586865945,0.008904900016345675,149.141,0.8706172197226574,83.05948279545028,0.12999999999999545,1.3599999999999852,0.5488768223038448,2019-11-26,0.0
151.92,152.08,151.11,151.91,0.13649868170413898,0.008483675637900591,149.69099999999997,0.8695113424523854,83.73362551252484,0.29999999999998295,0.9699999999999989,0.6023820785985623,2019-11-27,0.0
151.69,151.89,150.87,150.97,0.1076687692878865,0.008839666747815968,150.07199999999997,0.8135674160832753,73.23714013911379,-0.21999999999999886,-0.22999999999998977,0.7258596600935815,2019-11-29,0.0
151.4,151.42,147.92,149.14,0.24647503058644166,0.009809166706066949,150.08099999999996,0.5713472186304559,57.614440458026195,0.4300000000000068,-0.28999999999999204,0.7120031323968375,2019-12-02,1.0
147.09,149.02,146.25,148.9,0.21633895800241096,0.01060914886413598,150.02899999999997,0.37323330304623786,55.877521776527736,-2.049999999999983,-4.310000000000002,0.5625811920313305,2019-12-03,1.0
149.73,149.77,148.79,149.44,0.15798605024536574,0.010092688475735679,150.02599999999998,0.26835467420075887,58.96988752281691,0.8299999999999841,2.6399999999999864,0.8527468858748026,2019-12-04,1.0
149.64,149.91,149.07,149.52,0.1606325303100175,0.009633249520873126,150.05699999999996,0.10230019045304088,59.43784425819195,0.19999999999998863,-0.09000000000000341,0.8310498745362377,2019-12-05,1.0
150.58,151.46,149.86,151.34,0.14745766216207712,0.00973847034310714,150.28399999999996,-0.010563660670020037,68.51493181650845,1.0600000000000023,0.9400000000000261,0.6694008094516153,2019-12-06,1.0
150.66,151.8,150.5,150.95,0.15000975350159695,0.009403960550638244,150.46099999999996,-0.29751361209921107,65.04902412626525,-0.6800000000000068,0.07999999999998408,0.6813930780530072,2019-12-09,1.0
150.88,151.48,150.35,150.72,0.14811029277584656,0.00914966949762125,150.45099999999996,-0.27360545253917823,62.96198359552142,-0.06999999999999318,0.21999999999999886,0.7457000233316472,2019-12-10,1.0
151.13,151.46,149.92,151.29,0.16950956517361682,0.008704747661019916,150.41799999999998,0.15473650660207477,65.96857710568834,0.4099999999999966,0.25,0.6575227824605503,2019-12-11,1.0
151.24,153.02,150.61,152.82,0.2212480706495113,0.009057749171815885,150.50899999999996,0.8057280785378195,72.60178158303665,-0.04999999999998295,0.11000000000001364,0.385026061529826,2019-12-12,0.0
152.58,154.47,152.41,154.11,0.21435589583440082,0.009833520332849779,150.82299999999998,0.9397091451851144,76.83220427213769,-0.23999999999998067,1.3400000000000034,0.32954219876043334,2019-12-13,0.0
154.69,155.48,154.4,155.11,0.2170419292695841,0.009374685056035632,151.42,0.9395285907365063,79.55168920441812,0.5799999999999841,2.109999999999985,0.4513162963962106,2019-12-16,0.0
155.03,155.29,154.03,154.27,0.2285609494966384,0.008981340735929228,151.95699999999997,0.8638852762087481,71.69682563915859,-0.0800000000000125,0.3400000000000034,0.5612006282701925,2019-12-17,1.0
153.88,155.06,153.76,153.95,0.21690708823368132,0.009245501582946026,152.40799999999996,0.7852881312216976,68.82051783898095,-0.3900000000000148,-1.1500000000000057,0.6215600775624895,2019-12-18,1.0
153.58,155.35,153.33,155.29,0.22436559539958342,0.008856111320173804,152.98499999999996,0.8017021997053314,73.72497437474874,-0.3699999999999761,-0.29999999999998295,0.41261885192357767,2019-12-19,0.0
156.92,158.06,155.86,156.98,0.4807307664993739,0.009736201435489042,153.54899999999998,0.8574047319205199,78.47059857764947,1.6299999999999955,3.339999999999975,0.42410193740089597,2019-12-20,0.0
157.69,157.69,156.84,156.98,0.15927602948883562,0.009383368517948286,154.152,0.8793084086252142,78.47059857764947,0.710000000000008,0.7700000000000102,0.6078182090258737,2019-12-23,1.0
157.05,157.28,156.69,156.95,0.08080753599581453,0.009038293515713084,154.77499999999998,0.8915261114312694,78.16121941934391,0.0700000000000216,-0.6399999999999864,0.6584630702264904,2019-12-24,1.0
157.13,158.3,156.97,158.24,0.13053151639532157,0.00868670702955023,155.46999999999997,0.9255997576788562,81.62290014143666,0.18000000000000682,0.07999999999998408,0.5053958849793293,2019-12-26,1.0
159.02,159.12,157.79,158.53,0.1655200683913734,0.008432215585616503,156.041,0.9287994170196309,82.32280305797171,0.7800000000000011,1.8900000000000148,0.6026665531593122,2019-12-27,1.0
158.56,158.59,156.3,157.16,0.14696234609019426,0.00901349878329158,156.346,0.8753556489259711,68.6073138234911,0.030000000000001137,-0.46000000000000796,0.6511997603150366,2019-12-30,1.0
156.34,157.34,156.02,157.27,0.1651299283274947,0.009264922404390849,156.56199999999998,0.8554996076538341,69.06708486369666,-0.8199999999999932,-2.219999999999999,0.6553196146969682,2019-12-31,1.0
158.35,160.29,157.9,160.18,0.2033591598864099,0.010029823596792284,157.153,0.8487135925029008,78.37611822646286,1.079999999999984,2.009999999999991,0.4109925066433458,2020-01-02,0.0
157.89,159.51,157.63,158.19,0.18982201882201072,0.009554535912537548,157.577,0.7504870831029528,63.78961217778518,-2.2900000000000205,-0.46000000000000796,0.5732486658199614,2020-01-03,1.0
156.65,158.67,156.08,158.6,0.18710272459797145,0.009102414050645465,157.908,0.6413476548507766,65.26929749747006,-1.539999999999992,-1.2399999999999807,0.4650655281195787,2020-01-06,0.0
158.89,159.24,156.89,157.15,0.19447763032161386,0.009237859820736829,157.925,0.41272326865616704,56.23876069769631,0.28999999999999204,2.2399999999999807,0.8147312815106993,2020-01-07,1.0
158.5,160.36,157.52,159.65,0.249424453511755,0.008850615886343092,158.192,0.43005665134537663,65.40760765004403,1.3499999999999943,-0.38999999999998636,0.5494073000183712,2020-01-08,1.0
161.4,161.78,160.59,161.65,0.19223837018538845,0.011334170280989929,158.662,0.5134353915347335,70.83861863273751,1.75,2.9000000000000057,0.595781727472039,2020-01-09,1.0
162.38,162.78,160.74,160.9,0.18631345506782054,0.010797636594118492,158.92800000000003,0.6533072225596736,66.48911786101154,0.7299999999999898,0.9799999999999898,0.6207539517508116,2020-01-10,1.0
161.32,162.87,160.82,162.84,0.1944093108634231,0.010429945084534924,159.359,0.8081423911691167,71.51570052146454,0.4199999999999875,-1.0600000000000023,0.3494988864259352,2020-01-13,0.0
162.94,163.15,161.28,161.69,0.2110477957535861,0.009933922698191723,159.812,0.7905395746562173,65.08549597580694,0.09999999999999432,1.6200000000000045,0.5994753210177792,2020-01-14,1.0
162.18,163.49,162.13,162.74,0.1925341215241352,0.009684930481062795,160.359,0.7823812583008327,68.00404761664257,0.4900000000000091,-0.7599999999999909,0.5923746522496905,2020-01-15,1.0
163.9,165.79,163.58,165.72,0.21453568388227118,0.010869616752927068,160.913,0.9263250945777116,74.67874021970945,1.1599999999999966,1.7199999999999989,0.2632694243699528,2020-01-16,0.0
166.96,167.01,164.98,166.64,0.3089810422492923,0.011454634282134724,161.75799999999998,0.944229290032368,76.36970450128426,1.240000000000009,3.0600000000000023,0.2855378626829833,2020-01-17,0.0
166.23,167.73,165.98,166.05,0.2653419883299578,0.011546623835570079,162.503,0.9266946007712688,72.90071803150768,-0.4099999999999966,-0.7300000000000182,0.4075363356611517,2020-01-21,0.0
166.94,167.03,165.23,165.25,0.21699338649665909,0.012028282143914331,163.313,0.8820321742885077,68.23132162022657,0.8899999999999864,0.710000000000008,0.6720493912665434,2020-01-22,0.0
165.74,166.35,164.82,166.27,0.1769186306263546,0.01154250943304575,163.97499999999997,0.8583255839553404,70.87418493301837,0.4900000000000091,-1.1999999999999886,0.5673373402813797,2020-01-23,0.0
167.05,167.07,164.0,164.59,0.2239988277819279,0.01137704053244604,164.26899999999995,0.7491372033156709,61.50966503442184,0.7800000000000011,1.3100000000000023,0.7189163139580447,2020-01-24,0.0
160.71,162.93,159.76,161.84,0.2883629489195188,0.012638062378774923,164.36299999999994,0.3331772426193309,49.59202675595072,-3.8799999999999955,-6.340000000000003,0.6334880243658486,2020-01-27,1.0
163.33,165.31,162.63,165.01,0.22383522065836586,0.01202165811344281,164.57999999999996,0.2448089371896245,59.61415712746374,1.490000000000009,2.6200000000000045,0.6965331652441485,2020-01-28,1.0
167.38,168.29,165.24,167.58,0.31242218548553113,0.015071242396092073,165.16899999999993,0.1457070458398306,65.74854447172696,2.3700000000000045,4.049999999999983,0.5078487535320733,2020-01-29,1.0
173.58,173.58,170.32,172.31,0.4638306899995595,0.018393683506495413,166.12599999999992,0.3428216829789225,73.86619282559481,6.0,6.200000000000017,0.3163654510732215,2020-01-30,0.0
171.74,171.93,169.12,169.77,0.32490127388821316,0.017526719460930713,166.53099999999992,0.5166562674729993,64.71484274842162,-0.5699999999999932,-1.8400000000000034,0.32042579452221204,2020-01-31,0.0
169.97,174.02,169.94,173.9,0.27102239170242204,0.01722462475898231,167.25699999999992,0.7772385868845284,71.16819184360838,0.19999999999998863,-1.7700000000000102,0.04736320883013002,2020-02-03,0.0
176.66,180.15,175.83,179.63,0.3275135942237696,0.021604988045225364,168.61499999999995,0.9261917550571227,77.50921998190167,2.759999999999991,6.689999999999998,0.014251873739661403,2020-02-04,0.0
183.53,183.7,177.92,179.41,0.3522614190131254,0.021102025964938386,170.03099999999995,0.9506733374820593,76.78875812319436,3.9000000000000057,6.8700000000000045,0.038773428229719034,2020-02-05,0.0
180.48,183.32,179.57,183.13,0.24946850158348324,0.020082955037985392,171.71699999999996,0.9644057026813613,80.23964092105221,1.0699999999999932,-3.0500000000000114,0.00899067297462768,2020-02-06,0.0
182.35,185.12,181.98,183.39,0.3014065717925138,0.01915482944384489,173.59699999999995,0.9441816675521649,80.46518376955804,-0.7800000000000011,1.8700000000000045,0.022745865986473712,2020-02-07,0.0
183.08,188.33,182.75,188.19,0.32221883621398734,0.01838779681791345,176.23199999999997,0.95779577244663,84.17120196109201,-0.30999999999997385,0.7300000000000182,0.0023136444688888645,2020-02-10,0.0
190.13,190.18,183.0,183.94,0.4778757322991925,0.01812021923049356,178.12499999999997,0.9041255260649882,70.93241621424468,1.9399999999999977,7.049999999999983,0.08799488719911049,2020-02-11,0.0
185.07,185.34,181.35,184.21,0.4230673459059115,0.0207522215312685,179.78799999999998,0.8552601401134787,71.2515925909493,1.1299999999999955,-5.060000000000002,0.18547717533821015,2020-02-12,0.0
182.58,185.72,182.37,183.21,0.31728814900114255,0.02043402463245117,180.878,0.7790456430966187,68.17112940601395,-1.6299999999999955,-2.4899999999999807,0.36911901549881665,2020-02-13,0.0
182.75,184.9,182.15,184.85,0.20810017070875145,0.019601663667680114,182.386,0.7316465735393617,70.49552814132596,-0.46000000000000796,0.1699999999999875,0.41161017815995793,2020-02-14,0.0
185.1,187.19,184.99,186.72,0.24983526920113877,0.01864725217061205,183.66799999999998,0.6968859535981795,72.99416035896392,0.25,2.3499999999999943,0.48314720214127127,2020-02-18,0.0
188.06,188.18,186.47,187.28,0.26965959829956465,0.017748779964659497,184.433,0.6555903906492654,73.73428958408144,1.3400000000000034,2.960000000000008,0.6485463790716516,2020-02-19,0.0
186.95,187.25,181.1,184.42,0.3313709467908283,0.0183091662283705,184.934,0.3636929370193705,63.81050067528737,-0.3300000000000125,-1.1100000000000136,0.4526092603958003,2020-02-20,0.0
183.17,183.5,177.25,178.59,0.43663864669940605,0.02411182418571081,184.47999999999996,-0.13057035634944655,48.9030343537046,-1.25,-3.780000000000001,0.8989012392281779,2020-02-21,0.0
167.77,174.55,163.23,170.89,0.6140759658438667,0.026921478376914162,183.22999999999996,-0.29768369347631013,36.41762116254482,-10.819999999999993,-15.399999999999977,0.43879121133443194,2020-02-24,0.0
174.2,174.84,167.65,168.07,0.611938285954688,0.031022161832019887,181.21799999999996,0.047259826469475616,32.990196708602404,3.3100000000000023,6.429999999999978,0.9985821076111212,2020-02-25,0.0
169.71,173.26,168.21,170.17,0.5052592498703279,0.029514654122961795,179.84099999999995,0.36566472607271877,37.83141821953365,1.6400000000000148,-4.489999999999981,0.9918564598768781,2020-02-26,0.0
163.32,167.03,157.98,158.18,0.8375866690758265,0.03225636520809934,177.23799999999997,0.7662944376274169,25.941683842436557,-6.849999999999994,-6.390000000000015,0.9972543271470152,2020-02-27,1.0
152.41,163.71,152.0,162.01,0.8726336521874363,0.03262511368893615,175.11799999999997,0.8473651206952842,33.37363321825074,-5.77000000000001,-10.909999999999997,0.6858290206850189,2020-02-28,1.0
165.31,172.92,162.31,172.79,0.6385244435335183,0.03950498436851523,173.91199999999998,0.7252814651983773,49.28877434411506,3.3000000000000114,12.900000000000006,0.15622165089367673,2020-03-02,0.0
173.8,175.0,162.26,164.51,0.6443333953602098,0.03817391891695074,171.69099999999997,0.7138919490771934,40.94225845061732,1.0100000000000193,8.490000000000009,0.7762715338575402,2020-03-03,0.0
168.49,170.7,165.62,170.55,0.4478016865916771,0.03639430624566254,170.01799999999997,0.5539447979775357,48.06982216441275,3.980000000000018,-5.310000000000002,0.5161305518736604,2020-03-04,0.0
166.05,170.87,165.69,166.27,0.4298489510715817,0.03496223341397731,168.20299999999995,0.39108404102207234,43.898460161104644,-4.5,-2.4399999999999977,0.4674252668775744,2020-03-05,0.0
162.61,163.11,156.0,161.57,0.6546181706386341,0.03633994530621206,166.50099999999995,0.27474124818666146,39.695474200911775,-3.6599999999999966,-3.4399999999999977,0.4376519569288706,2020-03-06,0.0
151.0,157.75,150.0,150.62,0.6330274239698819,0.03888422710885449,164.474,0.4562666902530958,31.811189282110547,-10.569999999999993,-11.610000000000014,0.9376249055946924,2020-03-09,0.0
158.16,161.03,152.58,160.92,0.5874969997869511,0.03711483256648119,163.759,0.44309952135093156,43.53304297505717,7.539999999999992,7.159999999999997,0.7105691110259077,2020-03-10,0.0
157.13,157.7,151.15,153.63,0.5067469959664551,0.03669841308156591,162.10499999999996,0.4658044800109997,38.34882728337365,-3.789999999999992,-1.0300000000000011,0.8948482016961579,2020-03-11,0.0
145.3,153.47,138.58,139.06,0.8380496232990927,0.05149829939369847,160.19299999999996,0.7824407371640038,30.328319022181887,-8.329999999999984,-11.829999999999984,0.9877166158202986,2020-03-12,1.0
147.5,161.91,140.73,158.83,0.8335639115047271,0.05180151423598165,159.87499999999994,0.8019429369441806,47.0307075725597,8.439999999999998,2.1999999999999886,0.004423878758068531,2020-03-13,0.0
