Datetime,Open,High,Low,Close,Volume
2020-03-10 09:30:00-04:00,158.16,158.3,156.17,156.4,2726358
2020-03-10 09:32:00-04:00,156.4,156.97,155.91,156.97,644539
2020-03-10 09:34:00-04:00,157.33,157.33,156.23,156.23,492569
2020-03-10 09:36:00-04:00,156.25,156.25,155.65,155.75,488593
2020-03-10 09:38:00-04:00,155.83,155.98,155.75,155.98,382901
2020-03-10 09:40:00-04:00,155.96,155.96,155.55,155.89,366056
2020-03-10 09:42:00-04:00,155.95,156.09,155.73,156.09,330318
2020-03-10 09:44:00-04:00,156.3,156.3,156.1,156.28,329404
2020-03-10 09:46:00-04:00,156.29,156.36,156.06,156.06,284975
2020-03-10 09:48:00-04:00,156.04,156.3,155.94,156.3,262949
2020-03-10 09:50:00-04:00,156.31,156.68,156.18,156.18,385289
2020-03-10 09:52:00-04:00,156.02,156.49,156.0,156.49,446484
2020-03-10 09:54:00-04:00,156.61,156.67,156.46,156.67,263659
2020-03-10 09:56:00-04:00,156.69,156.97,156.62,156.97,271758
2020-03-10 09:58:00-04:00,156.75,157.12,156.46,156.86,266184
2020-03-10 10:00:00-04:00,156.84,157.4,156.51,157.15,300499
2020-03-10 10:02:00-04:00,157.16,157.84,157.16,157.78,264540
2020-03-10 10:04:00-04:00,157.77,157.9,157.17,157.24,341389
2020-03-10 10:06:00-04:00,157.28,157.99,157.24,157.89,278163
2020-03-10 10:08:00-04:00,157.95,158.29,157.82,158.18,389456
2020-03-10 10:10:00-04:00,158.17,158.59,158.06,158.55,272974
2020-03-10 10:12:00-04:00,158.56,158.92,158.51,158.78,272951
2020-03-10 10:14:00-04:00,158.78,159.01,158.5,158.67,258761
2020-03-10 10:16:00-04:00,158.69,158.83,158.35,158.52,253097
2020-03-10 10:18:00-04:00,158.51,158.95,158.29,158.45,197342
2020-03-10 10:20:00-04:00,158.48,158.98,158.48,158.85,220616
2020-03-10 10:22:00-04:00,158.83,158.9,158.1,158.23,280530
2020-03-10 10:24:00-04:00,158.24,158.55,157.89,158.1,240542
2020-03-10 10:26:00-04:00,158.09,158.09,157.8,157.96,245902
2020-03-10 10:28:00-04:00,157.95,158.12,157.8,157.87,188365
2020-03-10 10:30:00-04:00,157.9,158.13,157.75,157.85,316433
2020-03-10 10:32:00-04:00,157.88,158.09,157.74,157.94,291507
2020-03-10 10:34:00-04:00,157.87,158.22,157.85,158.12,231516
2020-03-10 10:36:00-04:00,158.15,158.18,157.78,157.84,287947
2020-03-10 10:38:00-04:00,157.9,158.13,157.77,157.86,178066
2020-03-10 10:40:00-04:00,157.91,158.05,157.28,157.53,203237
2020-03-10 10:42:00-04:00,157.52,157.65,156.69,157.17,290256
2020-03-10 10:44:00-04:00,157.18,157.21,156.87,157.04,208008
2020-03-10 10:46:00-04:00,157.06,157.1,155.93,156.04,423837
2020-03-10 10:48:00-04:00,156.08,156.22,155.5,155.65,298709
2020-03-10 10:50:00-04:00,155.66,155.85,155.46,155.55,260493
2020-03-10 10:52:00-04:00,155.58,155.58,155.15,155.34,243089
2020-03-10 10:54:00-04:00,155.34,155.74,155.09,155.69,234452
2020-03-10 10:56:00-04:00,155.73,156.07,155.59,155.94,253155
2020-03-10 10:58:00-04:00,155.91,155.91,154.77,154.79,437293
2020-03-10 11:00:00-04:00,154.78,155.02,154.1,154.4,310932
2020-03-10 11:02:00-04:00,154.42,155.12,154.16,155.05,290265
2020-03-10 11:04:00-04:00,155.01,155.24,154.75,154.94,215735
2020-03-10 11:06:00-04:00,154.98,155.8,154.98,155.47,222385
2020-03-10 11:08:00-04:00,155.46,156.19,155.42,156.05,280507
2020-03-10 11:10:00-04:00,156.03,156.06,155.1,155.13,269507
2020-03-10 11:12:00-04:00,155.19,155.59,154.84,154.84,195263
2020-03-10 11:14:00-04:00,154.84,155.01,154.55,154.78,208152
2020-03-10 11:16:00-04:00,154.84,155.09,154.26,154.49,283625
2020-03-10 11:18:00-04:00,154.49,154.53,154.09,154.27,219624
2020-03-10 11:20:00-04:00,154.24,154.58,154.05,154.32,180507
2020-03-10 11:22:00-04:00,154.32,154.45,153.83,154.08,248615
2020-03-10 11:24:00-04:00,154.06,154.06,153.0,153.01,323142
2020-03-10 11:26:00-04:00,153.0,153.92,152.92,153.79,347042
2020-03-10 11:28:00-04:00,153.8,154.38,153.12,153.12,323338
2020-03-10 11:30:00-04:00,153.2,153.72,152.89,153.19,391221
2020-03-10 11:32:00-04:00,153.25,153.53,153.0,153.16,212187
2020-03-10 11:34:00-04:00,153.18,153.66,152.96,153.02,301793
2020-03-10 11:36:00-04:00,153.0,153.34,152.74,152.79,336986
2020-03-10 11:38:00-04:00,152.79,153.68,152.58,153.59,274841
2020-03-10 11:40:00-04:00,153.7,153.91,153.02,153.21,260256
2020-03-10 11:42:00-04:00,153.22,154.51,153.19,154.25,285701
2020-03-10 11:44:00-04:00,154.24,155.07,154.16,155.01,300720
2020-03-10 11:46:00-04:00,155.0,155.6,154.74,154.76,367557
2020-03-10 11:48:00-04:00,154.82,155.24,154.64,154.7,232074
2020-03-10 11:50:00-04:00,154.65,154.95,154.23,154.23,201155
2020-03-10 11:52:00-04:00,154.23,154.45,153.63,153.71,244013
2020-03-10 11:54:00-04:00,153.7,154.13,153.38,153.83,183490
2020-03-10 11:56:00-04:00,153.81,153.95,153.18,153.73,179999
2020-03-10 11:58:00-04:00,153.74,154.54,153.61,153.94,311812
2020-03-10 12:00:00-04:00,154.02,155.43,153.99,155.37,197208
2020-03-10 12:02:00-04:00,155.39,155.79,154.79,154.96,305842
2020-03-10 12:04:00-04:00,155.0,155.13,154.52,154.66,148283
2020-03-10 12:06:00-04:00,154.68,155.23,154.67,155.02,222813
2020-03-10 12:08:00-04:00,155.06,155.46,154.83,155.33,198172
2020-03-10 12:10:00-04:00,155.69,155.76,155.61,155.71,131705
2020-03-10 12:12:00-04:00,155.97,156.64,155.96,156.46,488756
2020-03-10 12:14:00-04:00,156.49,156.82,156.35,156.8,244089
2020-03-10 12:16:00-04:00,156.79,156.94,156.1,156.17,258093
2020-03-10 12:18:00-04:00,156.17,156.84,156.12,156.63,173929
2020-03-10 12:20:00-04:00,156.68,156.87,156.15,156.2,167471
2020-03-10 12:22:00-04:00,156.19,156.75,156.11,156.5,131774
2020-03-10 12:24:00-04:00,156.52,156.69,156.22,156.35,152842
2020-03-10 12:26:00-04:00,156.33,156.68,156.04,156.13,200343
2020-03-10 12:28:00-04:00,156.13,156.29,155.63,155.66,223025
2020-03-10 12:30:00-04:00,155.65,155.78,155.05,155.25,191196
2020-03-10 12:32:00-04:00,155.25,155.5,154.96,155.06,204168
2020-03-10 12:34:00-04:00,155.09,155.4,154.75,154.94,161302
2020-03-10 12:36:00-04:00,154.94,155.84,154.87,155.55,195267
2020-03-10 12:38:00-04:00,155.48,155.69,155.14,155.35,129406
2020-03-10 12:40:00-04:00,155.42,155.5,154.77,154.83,155442
2020-03-10 12:42:00-04:00,155.3,155.78,155.09,155.61,175828
2020-03-10 12:44:00-04:00,155.61,156.24,155.54,156.21,234637
2020-03-10 12:46:00-04:00,156.23,156.29,155.74,155.82,146614
2020-03-10 12:48:00-04:00,155.84,156.12,155.49,155.6,135675
2020-03-10 12:50:00-04:00,155.64,155.97,155.29,155.92,146773
2020-03-10 12:52:00-04:00,155.94,156.44,155.72,156.18,139398
2020-03-10 12:54:00-04:00,156.2,156.67,156.14,156.6,171160
2020-03-10 12:56:00-04:00,156.57,156.61,156.17,156.31,123614
2020-03-10 12:58:00-04:00,156.29,156.54,155.68,155.69,120075
2020-03-10 13:00:00-04:00,155.71,155.8,154.67,154.71,283523
2020-03-10 13:02:00-04:00,154.83,154.98,154.66,154.96,176945
2020-03-10 13:04:00-04:00,154.95,155.16,154.51,154.66,192677
2020-03-10 13:06:00-04:00,154.65,155.54,154.59,155.39,236163
2020-03-10 13:08:00-04:00,155.41,155.94,155.33,155.82,188461
2020-03-10 13:10:00-04:00,155.81,155.91,155.15,155.46,217758
2020-03-10 13:12:00-04:00,155.46,156.03,155.39,156.02,184169
2020-03-10 13:14:00-04:00,156.02,156.14,155.81,155.95,203821
2020-03-10 13:16:00-04:00,155.97,156.21,155.21,156.15,241955
2020-03-10 13:18:00-04:00,156.14,156.6,156.0,156.16,203429
2020-03-10 13:20:00-04:00,156.18,157.06,156.17,156.45,244007
2020-03-10 13:22:00-04:00,156.47,156.69,156.19,156.5,164451
2020-03-10 13:24:00-04:00,156.51,156.8,156.19,156.43,179512
2020-03-10 13:26:00-04:00,156.43,156.45,155.91,156.21,162013
2020-03-10 13:28:00-04:00,156.2,156.48,155.95,156.19,179481
2020-03-10 13:30:00-04:00,156.21,156.65,155.87,156.03,303407
2020-03-10 13:32:00-04:00,156.0,156.1,155.47,156.01,197559
2020-03-10 13:34:00-04:00,156.0,156.35,155.7,155.86,224414
2020-03-10 13:36:00-04:00,155.94,156.0,155.41,155.66,170938
2020-03-10 13:38:00-04:00,155.69,155.9,155.21,155.86,247883
2020-03-10 13:40:00-04:00,155.88,156.02,155.24,155.44,247906
2020-03-10 13:42:00-04:00,155.44,155.9,155.3,155.74,138516
2020-03-10 13:44:00-04:00,155.81,155.83,155.1,155.2,107958
2020-03-10 13:46:00-04:00,155.2,155.26,154.74,154.75,199660
2020-03-10 13:48:00-04:00,154.72,155.09,154.65,154.89,127322
2020-03-10 13:50:00-04:00,154.87,155.29,154.81,155.0,114860
2020-03-10 13:52:00-04:00,154.94,155.16,154.37,154.57,189940
2020-03-10 13:54:00-04:00,154.55,154.64,154.33,154.5,139797
2020-03-10 13:56:00-04:00,154.56,154.84,154.11,154.7,176971
2020-03-10 13:58:00-04:00,154.68,154.91,154.4,154.59,157831
2020-03-10 14:00:00-04:00,154.58,154.59,153.7,153.9,217893
2020-03-10 14:02:00-04:00,153.9,154.13,153.82,153.94,123674
2020-03-10 14:04:00-04:00,153.96,154.34,153.43,153.43,234388
2020-03-10 14:06:00-04:00,153.42,154.25,153.41,154.1,214963
2020-03-10 14:08:00-04:00,154.03,154.87,153.82,154.81,216444
2020-03-10 14:10:00-04:00,154.76,154.83,154.31,154.53,178913
2020-03-10 14:12:00-04:00,154.59,155.07,154.56,154.74,260543
2020-03-10 14:14:00-04:00,154.69,155.39,154.64,154.9,233710
2020-03-10 14:16:00-04:00,154.95,155.08,154.71,154.89,133988
2020-03-10 14:18:00-04:00,154.91,154.97,154.66,154.86,118946
2020-03-10 14:20:00-04:00,154.92,155.24,154.71,155.04,136961
2020-03-10 14:22:00-04:00,155.04,155.18,154.28,154.5,196185
2020-03-10 14:24:00-04:00,154.59,154.59,154.05,154.27,127394
2020-03-10 14:26:00-04:00,154.26,154.75,154.02,154.66,191157
2020-03-10 14:28:00-04:00,154.7,155.78,154.63,155.58,283329
2020-03-10 14:30:00-04:00,155.57,156.01,155.3,155.87,292692
2020-03-10 14:32:00-04:00,155.88,156.08,155.63,155.92,217736
2020-03-10 14:34:00-04:00,155.96,156.35,155.95,156.35,154065
2020-03-10 14:36:00-04:00,156.33,156.52,156.04,156.06,145881
2020-03-10 14:38:00-04:00,156.04,156.38,155.88,155.99,280832
2020-03-10 14:40:00-04:00,155.97,157.0,155.85,156.88,241203
2020-03-10 14:42:00-04:00,156.88,156.99,156.4,156.88,234275
2020-03-10 14:44:00-04:00,156.88,157.25,156.79,157.22,300001
2020-03-10 14:46:00-04:00,157.2,157.8,157.06,157.8,302645
2020-03-10 14:48:00-04:00,157.84,158.07,157.45,157.91,326273
2020-03-10 14:50:00-04:00,157.95,157.99,156.9,157.3,235929
2020-03-10 14:52:00-04:00,157.31,157.5,157.0,157.32,150774
2020-03-10 14:54:00-04:00,157.32,157.78,157.06,157.62,206848
2020-03-10 14:56:00-04:00,157.62,157.62,156.68,156.73,286230
2020-03-10 14:58:00-04:00,156.73,157.22,156.71,157.21,162308
2020-03-10 15:00:00-04:00,157.24,157.57,156.85,156.95,278418
2020-03-10 15:02:00-04:00,156.96,157.69,156.79,157.56,233337
2020-03-10 15:04:00-04:00,157.6,157.9,157.41,157.72,328540
2020-03-10 15:06:00-04:00,157.73,157.73,157.14,157.33,239468
2020-03-10 15:08:00-04:00,157.38,157.65,157.1,157.28,237683
2020-03-10 15:10:00-04:00,157.27,157.7,157.24,157.56,257439
2020-03-10 15:12:00-04:00,157.57,157.75,157.27,157.68,206556
2020-03-10 15:14:00-04:00,157.65,157.92,157.4,157.5,267018
2020-03-10 15:16:00-04:00,157.5,158.34,157.43,158.29,292845
2020-03-10 15:18:00-04:00,158.27,158.94,158.11,158.83,341963
2020-03-10 15:20:00-04:00,158.78,159.11,158.35,159.11,336302
2020-03-10 15:22:00-04:00,159.14,159.25,158.71,158.81,285612
2020-03-10 15:24:00-04:00,158.82,159.05,158.09,158.25,319880
2020-03-10 15:26:00-04:00,158.25,158.29,157.65,157.99,330293
2020-03-10 15:28:00-04:00,157.99,158.32,157.66,157.78,299658
2020-03-10 15:30:00-04:00,157.76,158.08,157.14,157.29,363292
2020-03-10 15:32:00-04:00,157.35,158.44,157.35,158.34,318872
2020-03-10 15:34:00-04:00,158.34,158.39,157.61,158.2,291234
2020-03-10 15:36:00-04:00,158.2,158.32,157.89,158.08,248307
2020-03-10 15:38:00-04:00,158.1,158.81,157.93,158.68,375431
2020-03-10 15:40:00-04:00,158.68,158.9,158.37,158.86,313503
2020-03-10 15:42:00-04:00,158.84,158.94,158.11,158.52,393956
2020-03-10 15:44:00-04:00,158.48,158.75,158.12,158.7,354701
2020-03-10 15:46:00-04:00,158.72,158.86,158.54,158.55,356955
2020-03-10 15:48:00-04:00,158.57,159.27,158.55,159.14,483356
2020-03-10 15:50:00-04:00,159.14,159.46,158.94,159.27,713246
2020-03-10 15:52:00-04:00,159.27,159.31,158.62,159.26,603243
2020-03-10 15:54:00-04:00,159.26,160.03,158.68,159.88,1462296
2020-03-10 15:56:00-04:00,159.88,160.54,159.77,159.88,925820
2020-03-10 15:58:00-04:00,159.89,161.03,159.52,161.03,2507558
2020-03-11 09:30:00-04:00,157.07,157.44,156.31,156.82,1708157
2020-03-11 09:32:00-04:00,156.87,157.43,156.19,156.67,353028
2020-03-11 09:34:00-04:00,157.07,157.07,156.25,156.74,454174
2020-03-11 09:36:00-04:00,156.71,156.71,156.03,156.34,384392
2020-03-11 09:38:00-04:00,156.18,156.18,155.54,155.54,437609
2020-03-11 09:40:00-04:00,155.4,155.6,155.09,155.6,468542
2020-03-11 09:42:00-04:00,155.86,156.52,155.86,156.2,537893
2020-03-11 09:44:00-04:00,156.31,156.66,156.31,156.66,417910
2020-03-11 09:46:00-04:00,156.75,156.75,156.01,156.14,316683
2020-03-11 09:48:00-04:00,156.12,156.12,155.66,155.66,260435
2020-03-11 09:50:00-04:00,155.76,155.99,155.71,155.99,285300
2020-03-11 09:52:00-04:00,155.8,156.36,155.8,156.19,230813
2020-03-11 09:54:00-04:00,156.15,156.15,156.04,156.04,230037
2020-03-11 09:56:00-04:00,155.9,156.43,155.9,156.43,278216
2020-03-11 09:58:00-04:00,156.42,156.67,156.05,156.64,212012
2020-03-11 10:00:00-04:00,156.63,156.98,156.16,156.7,266635
2020-03-11 10:02:00-04:00,156.73,156.8,156.36,156.38,174381
2020-03-11 10:04:00-04:00,156.36,156.77,156.22,156.58,166499
2020-03-11 10:06:00-04:00,156.64,156.72,156.06,156.65,194307
2020-03-11 10:08:00-04:00,156.66,157.24,156.64,156.88,371398
2020-03-11 10:10:00-04:00,156.91,157.23,156.64,156.9,276358
2020-03-11 10:12:00-04:00,156.89,157.03,156.59,156.92,189579
2020-03-11 10:14:00-04:00,156.91,156.92,156.39,156.56,194832
2020-03-11 10:16:00-04:00,156.53,156.84,156.42,156.6,149651
2020-03-11 10:18:00-04:00,156.65,156.72,156.34,156.57,150882
2020-03-11 10:20:00-04:00,156.55,156.68,156.06,156.09,200957
2020-03-11 10:22:00-04:00,156.07,156.3,155.97,155.98,272978
2020-03-11 10:24:00-04:00,155.98,156.12,155.63,155.98,312687
2020-03-11 10:26:00-04:00,155.97,155.97,155.61,155.63,180975
2020-03-11 10:28:00-04:00,155.6,155.63,155.33,155.39,354514
2020-03-11 10:30:00-04:00,155.39,155.51,155.04,155.37,251331
2020-03-11 10:32:00-04:00,155.37,155.8,155.37,155.77,219687
2020-03-11 10:34:00-04:00,155.78,155.98,155.53,155.68,175753
2020-03-11 10:36:00-04:00,155.65,155.65,154.96,155.01,395694
2020-03-11 10:38:00-04:00,155.03,155.34,154.96,155.01,190021
2020-03-11 10:40:00-04:00,154.98,155.27,154.8,155.06,188691
2020-03-11 10:42:00-04:00,155.08,155.18,154.61,154.65,179846
2020-03-11 10:44:00-04:00,154.68,154.89,154.58,154.89,181205
2020-03-11 10:46:00-04:00,154.9,155.4,154.9,155.05,267906
2020-03-11 10:48:00-04:00,155.04,155.3,154.65,154.73,274570
2020-03-11 10:50:00-04:00,154.77,154.94,154.57,154.75,223751
2020-03-11 10:52:00-04:00,154.74,154.96,154.66,154.91,156154
2020-03-11 10:54:00-04:00,154.97,155.15,154.82,154.93,153789
2020-03-11 10:56:00-04:00,154.9,155.1,154.85,154.87,176031
2020-03-11 10:58:00-04:00,154.88,155.36,154.76,155.1,246365
2020-03-11 11:00:00-04:00,155.24,155.69,155.07,155.55,256084
2020-03-11 11:02:00-04:00,155.53,155.62,155.21,155.21,219261
2020-03-11 11:04:00-04:00,155.2,155.35,154.93,155.08,135824
2020-03-11 11:06:00-04:00,155.08,155.14,154.86,155.06,127611
2020-03-11 11:08:00-04:00,155.12,155.52,154.83,155.4,183130
2020-03-11 11:10:00-04:00,155.4,155.42,154.88,154.97,178703
2020-03-11 11:12:00-04:00,154.98,155.42,154.91,155.36,148967
2020-03-11 11:14:00-04:00,155.34,155.49,155.01,155.05,109009
2020-03-11 11:16:00-04:00,155.08,155.12,154.88,155.0,138050
2020-03-11 11:18:00-04:00,155.01,155.05,154.37,154.5,248796
2020-03-11 11:20:00-04:00,154.5,154.64,154.06,154.09,188200
2020-03-11 11:22:00-04:00,154.09,154.41,153.95,154.03,281728
2020-03-11 11:24:00-04:00,154.05,154.33,153.94,154.15,148757
2020-03-11 11:26:00-04:00,154.21,154.33,153.99,154.24,137871
2020-03-11 11:28:00-04:00,154.23,154.35,153.98,154.14,192845
2020-03-11 11:30:00-04:00,154.19,154.48,154.05,154.42,233753
2020-03-11 11:32:00-04:00,154.41,154.77,154.32,154.59,253334
2020-03-11 11:34:00-04:00,154.59,154.67,154.26,154.29,99963
2020-03-11 11:36:00-04:00,154.3,154.68,154.22,154.61,146546
2020-03-11 11:38:00-04:00,154.59,154.86,154.57,154.7,166178
2020-03-11 11:40:00-04:00,154.68,154.85,154.54,154.65,150162
2020-03-11 11:42:00-04:00,154.65,154.69,154.29,154.41,149553
2020-03-11 11:44:00-04:00,154.38,154.81,154.36,154.44,135471
2020-03-11 11:46:00-04:00,154.46,154.46,154.06,154.38,125869
2020-03-11 11:48:00-04:00,154.37,154.59,154.16,154.4,142609
2020-03-11 11:50:00-04:00,154.43,154.64,154.43,154.51,135038
2020-03-11 11:52:00-04:00,154.21,154.24,154.17,154.17,147788
2020-03-11 11:54:00-04:00,154.29,154.44,154.22,154.3,208525
2020-03-11 11:56:00-04:00,154.32,154.7,154.27,154.38,125643
2020-03-11 11:58:00-04:00,154.4,154.94,154.28,154.86,136156
2020-03-11 12:00:00-04:00,154.89,154.91,154.52,154.53,129437
2020-03-11 12:02:00-04:00,154.52,154.87,154.44,154.85,142069
2020-03-11 12:04:00-04:00,154.86,155.25,154.85,155.15,194958
2020-03-11 12:06:00-04:00,155.2,155.21,154.98,155.2,128684
2020-03-11 12:08:00-04:00,155.21,155.57,155.17,155.53,164326
2020-03-11 12:10:00-04:00,155.53,155.65,155.41,155.56,194962
2020-03-11 12:12:00-04:00,155.56,156.24,155.47,156.19,284865
2020-03-11 12:14:00-04:00,156.19,156.26,155.9,156.24,252071
2020-03-11 12:16:00-04:00,156.2,156.43,156.04,156.4,201406
2020-03-11 12:18:00-04:00,156.39,156.71,156.39,156.51,188206
2020-03-11 12:20:00-04:00,156.5,156.64,156.42,156.52,195129
2020-03-11 12:22:00-04:00,156.54,156.54,156.07,156.32,266034
2020-03-11 12:24:00-04:00,156.28,156.51,156.04,156.04,165127
2020-03-11 12:26:00-04:00,156.06,156.21,155.41,155.48,229358
2020-03-11 12:28:00-04:00,155.54,155.87,155.49,155.55,116699
2020-03-11 12:30:00-04:00,155.55,155.78,155.36,155.74,116984
2020-03-11 12:32:00-04:00,155.79,155.87,155.53,155.54,99989
2020-03-11 12:34:00-04:00,155.55,155.6,155.22,155.53,166043
2020-03-11 12:36:00-04:00,155.53,155.54,155.3,155.4,91381
2020-03-11 12:38:00-04:00,155.38,155.38,154.8,154.89,140437
2020-03-11 12:40:00-04:00,154.9,155.14,154.33,154.4,185725
2020-03-11 12:42:00-04:00,154.39,154.49,154.0,154.0,287820
2020-03-11 12:44:00-04:00,154.0,154.52,153.79,154.46,266643
2020-03-11 12:46:00-04:00,154.13,154.15,154.07,154.11,132524
2020-03-11 12:48:00-04:00,153.9,153.98,153.89,153.97,208641
2020-03-11 12:50:00-04:00,154.0,154.38,153.9,154.32,129258
2020-03-11 12:52:00-04:00,154.28,154.54,154.13,154.32,130735
2020-03-11 12:54:00-04:00,154.34,154.41,153.81,153.87,170168
2020-03-11 12:56:00-04:00,153.87,154.03,153.65,153.71,181497
2020-03-11 12:58:00-04:00,153.72,154.17,153.68,154.02,176133
2020-03-11 13:00:00-04:00,154.03,154.06,153.46,153.6,223100
2020-03-11 13:02:00-04:00,153.57,153.71,153.42,153.42,162772
2020-03-11 13:04:00-04:00,153.42,153.49,153.12,153.21,242411
2020-03-11 13:06:00-04:00,153.23,153.48,153.1,153.1,201988
2020-03-11 13:08:00-04:00,153.09,153.15,152.93,153.04,339572
2020-03-11 13:10:00-04:00,153.05,153.52,152.95,153.35,183959
2020-03-11 13:12:00-04:00,153.34,153.53,153.17,153.37,139070
2020-03-11 13:14:00-04:00,153.41,153.84,153.25,153.72,179774
2020-03-11 13:16:00-04:00,153.73,153.92,153.44,153.63,178213
2020-03-11 13:18:00-04:00,153.63,153.86,153.49,153.73,138756
2020-03-11 13:20:00-04:00,153.68,154.0,153.67,153.9,145926
2020-03-11 13:22:00-04:00,153.9,153.93,153.36,153.54,135712
2020-03-11 13:24:00-04:00,153.53,153.9,153.35,153.9,128824
2020-03-11 13:26:00-04:00,153.89,154.1,153.77,153.9,194247
2020-03-11 13:28:00-04:00,153.88,154.15,153.74,154.1,132523
2020-03-11 13:30:00-04:00,154.11,154.25,153.92,154.08,147692
2020-03-11 13:32:00-04:00,154.06,154.24,153.87,153.94,137196
2020-03-11 13:34:00-04:00,153.95,154.14,153.81,153.85,102754
2020-03-11 13:36:00-04:00,153.89,153.92,153.7,153.8,83366
2020-03-11 13:38:00-04:00,153.81,153.9,153.57,153.72,167074
2020-03-11 13:40:00-04:00,153.72,153.87,153.51,153.53,158880
2020-03-11 13:42:00-04:00,153.54,153.61,153.3,153.4,150577
2020-03-11 13:44:00-04:00,153.4,153.56,153.23,153.35,209861
2020-03-11 13:46:00-04:00,153.37,153.99,153.37,153.72,168729
2020-03-11 13:48:00-04:00,153.73,154.46,153.73,154.16,184529
2020-03-11 13:50:00-04:00,154.19,154.23,153.77,154.0,108762
2020-03-11 13:52:00-04:00,153.98,154.05,153.62,153.68,127541
2020-03-11 13:54:00-04:00,153.7,154.15,153.52,154.07,158578
2020-03-11 13:56:00-04:00,154.07,154.47,154.05,154.18,173847
2020-03-11 13:58:00-04:00,154.2,154.31,154.04,154.18,130840
2020-03-11 14:00:00-04:00,154.21,154.6,154.16,154.32,262559
2020-03-11 14:02:00-04:00,154.32,154.5,153.9,153.94,260574
2020-03-11 14:04:00-04:00,153.99,154.17,153.67,154.07,213828
2020-03-11 14:06:00-04:00,154.05,154.34,153.85,153.88,149736
2020-03-11 14:08:00-04:00,153.88,153.97,153.51,153.63,244332
2020-03-11 14:10:00-04:00,153.65,153.9,153.55,153.79,143760
2020-03-11 14:12:00-04:00,153.79,154.07,153.71,153.87,162930
2020-03-11 14:14:00-04:00,153.92,154.05,153.67,153.83,191711
2020-03-11 14:16:00-04:00,153.34,153.45,153.34,153.39,238123
2020-03-11 14:18:00-04:00,153.4,153.5,153.2,153.24,149346
2020-03-11 14:20:00-04:00,153.26,153.32,152.93,153.06,308524
2020-03-11 14:22:00-04:00,153.06,153.11,152.93,152.99,152237
2020-03-11 14:24:00-04:00,152.97,153.09,152.71,152.76,269459
2020-03-11 14:26:00-04:00,152.76,153.11,152.5,153.02,289116
2020-03-11 14:28:00-04:00,153.01,153.13,152.8,152.95,227853
2020-03-11 14:30:00-04:00,152.96,153.14,152.82,153.1,297601
2020-03-11 14:32:00-04:00,153.08,153.41,152.96,152.96,444150
2020-03-11 14:34:00-04:00,152.98,153.01,152.57,152.75,261536
2020-03-11 14:36:00-04:00,152.75,152.93,152.37,152.45,332570
2020-03-11 14:38:00-04:00,152.48,152.65,152.32,152.51,337238
2020-03-11 14:40:00-04:00,152.49,153.51,152.44,153.11,358314
2020-03-11 14:42:00-04:00,153.07,153.53,152.79,152.89,202000
2020-03-11 14:44:00-04:00,152.88,153.14,152.41,152.99,229639
2020-03-11 14:46:00-04:00,153.0,153.27,152.86,153.04,139364
2020-03-11 14:48:00-04:00,153.07,153.3,152.66,152.66,169860
2020-03-11 14:50:00-04:00,152.69,153.34,152.69,153.09,192229
2020-03-11 14:52:00-04:00,153.08,153.41,152.76,152.83,176402
2020-03-11 14:54:00-04:00,152.85,153.22,152.54,152.86,233535
2020-03-11 14:56:00-04:00,152.9,153.24,152.73,153.24,140623
2020-03-11 14:58:00-04:00,153.23,153.4,152.66,152.72,147731
2020-03-11 15:00:00-04:00,152.7,153.18,152.63,153.13,174837
2020-03-11 15:02:00-04:00,153.13,153.15,152.54,152.65,277496
2020-03-11 15:04:00-04:00,152.65,152.72,152.17,152.18,305953
2020-03-11 15:06:00-04:00,152.18,152.42,151.82,151.84,496503
2020-03-11 15:08:00-04:00,151.84,152.13,151.68,151.97,241441
2020-03-11 15:10:00-04:00,151.89,152.3,151.81,152.04,312309
2020-03-11 15:12:00-04:00,152.05,152.09,151.8,151.84,259782
2020-03-11 15:14:00-04:00,151.85,151.89,151.58,151.86,353138
2020-03-11 15:16:00-04:00,151.86,152.3,151.5,151.86,336334
2020-03-11 15:18:00-04:00,151.88,152.42,151.86,152.36,283185
2020-03-11 15:20:00-04:00,152.38,152.41,151.77,151.79,240894
2020-03-11 15:22:00-04:00,151.82,152.02,151.32,151.37,420330
2020-03-11 15:24:00-04:00,151.37,151.59,151.15,151.38,376623
2020-03-11 15:26:00-04:00,151.39,151.9,151.33,151.52,318428
2020-03-11 15:28:00-04:00,151.47,152.72,151.36,152.51,361826
2020-03-11 15:30:00-04:00,152.46,153.05,152.12,153.02,496177
2020-03-11 15:32:00-04:00,153.06,154.07,152.91,153.79,480771
2020-03-11 15:34:00-04:00,153.81,154.42,153.64,153.74,431260
2020-03-11 15:36:00-04:00,153.77,154.52,153.73,154.27,366648
2020-03-11 15:38:00-04:00,154.3,155.25,154.26,154.83,533388
2020-03-11 15:40:00-04:00,154.79,155.64,154.55,155.58,542614
2020-03-11 15:42:00-04:00,155.6,155.72,154.33,154.49,453062
2020-03-11 15:44:00-04:00,154.54,154.87,153.85,154.21,420484
2020-03-11 15:46:00-04:00,154.21,154.39,153.55,153.68,402242
2020-03-11 15:48:00-04:00,153.68,154.89,153.6,154.48,371497
2020-03-11 15:50:00-04:00,154.47,154.47,153.67,154.0,26453
2020-03-11 15:52:00-04:00,153.5,154.89,153.37,154.77,1316205
2020-03-11 15:54:00-04:00,154.78,155.21,152.86,153.84,1232735
2020-03-11 15:56:00-04:00,153.85,154.61,153.7,154.33,793397
2020-03-11 15:58:00-04:00,154.32,154.48,153.3,153.57,1549189
2020-03-12 09:30:00-04:00,149.51,149.51,145.61,145.61,5186831
2020-03-12 09:32:00-04:00,145.68,145.89,144.78,144.78,941740
2020-03-12 09:34:00-04:00,144.82,144.82,143.88,143.93,897172
2020-03-12 09:50:00-04:00,143.2,143.2,142.0,142.0,1150429
2020-03-12 09:52:00-04:00,142.22,142.42,142.12,142.42,1075370
2020-03-12 09:54:00-04:00,143.32,145.21,143.32,145.21,998124
2020-03-12 09:56:00-04:00,145.33,146.77,145.22,146.77,954144
2020-03-12 09:58:00-04:00,147.26,147.92,146.68,147.26,679494
2020-03-12 10:00:00-04:00,147.25,147.3,145.05,145.21,690637
2020-03-12 10:02:00-04:00,145.27,145.74,144.71,145.13,691112
2020-03-12 10:04:00-04:00,145.11,145.52,143.55,144.48,854419
2020-03-12 10:06:00-04:00,144.41,144.94,143.94,144.31,479653
2020-03-12 10:08:00-04:00,144.28,145.0,143.88,144.2,587866
2020-03-12 10:10:00-04:00,144.2,144.67,143.53,144.65,533097
2020-03-12 10:12:00-04:00,144.64,145.24,143.57,144.31,656716
2020-03-12 10:14:00-04:00,144.31,146.14,144.27,145.99,527840
2020-03-12 10:16:00-04:00,146.01,147.0,144.83,144.97,605960
2020-03-12 10:18:00-04:00,144.98,145.29,144.3,145.03,498892
2020-03-12 10:20:00-04:00,145.06,145.12,144.21,144.67,449008
2020-03-12 10:22:00-04:00,144.62,145.44,144.62,144.95,720669
2020-03-12 10:24:00-04:00,144.94,146.75,144.77,146.1,595083
2020-03-12 10:26:00-04:00,146.12,147.21,145.65,145.65,425942
2020-03-12 10:28:00-04:00,145.66,145.95,145.1,145.36,371159
2020-03-12 10:30:00-04:00,145.42,146.23,144.8,145.87,503538
2020-03-12 10:32:00-04:00,145.88,146.05,144.68,144.96,519825
2020-03-12 10:34:00-04:00,144.97,146.05,144.93,145.23,427398
2020-03-12 10:36:00-04:00,145.27,145.97,144.95,145.55,343609
2020-03-12 10:38:00-04:00,145.54,145.79,144.93,145.02,326070
2020-03-12 10:40:00-04:00,144.99,145.7,144.72,144.74,375505
2020-03-12 10:42:00-04:00,144.77,145.25,144.57,145.08,341518
2020-03-12 10:44:00-04:00,145.05,145.75,144.98,145.34,364917
2020-03-12 10:46:00-04:00,145.34,145.8,145.12,145.61,383259
2020-03-12 10:48:00-04:00,145.59,146.18,145.46,145.73,358936
2020-03-12 10:50:00-04:00,145.84,146.29,145.55,146.2,279745
2020-03-12 10:52:00-04:00,146.2,146.97,146.18,146.71,322539
2020-03-12 10:54:00-04:00,146.72,147.51,146.66,146.73,436726
2020-03-12 10:56:00-04:00,146.72,147.15,146.55,146.84,297105
2020-03-12 10:58:00-04:00,146.84,146.86,146.38,146.52,345847
2020-03-12 11:00:00-04:00,146.55,146.6,145.6,145.76,429141
2020-03-12 11:02:00-04:00,145.74,146.26,145.36,146.14,369355
2020-03-12 11:04:00-04:00,146.15,146.35,145.89,145.89,202723
2020-03-12 11:06:00-04:00,145.92,146.2,145.56,145.56,276463
2020-03-12 11:08:00-04:00,145.61,145.74,145.02,145.05,287205
2020-03-12 11:10:00-04:00,145.03,145.08,144.21,144.22,362928
2020-03-12 11:12:00-04:00,144.21,144.63,143.78,144.03,399494
2020-03-12 11:14:00-04:00,144.02,144.87,143.69,144.61,310378
2020-03-12 11:16:00-04:00,144.63,144.76,144.13,144.53,255446
2020-03-12 11:18:00-04:00,144.59,144.71,143.34,143.99,448990
2020-03-12 11:20:00-04:00,143.51,143.96,143.35,143.96,275035
2020-03-12 11:22:00-04:00,143.33,143.58,143.33,143.58,403079
2020-03-12 11:24:00-04:00,143.83,144.21,143.44,143.92,249519
2020-03-12 11:26:00-04:00,143.96,144.05,143.3,143.83,293918
2020-03-12 11:28:00-04:00,143.85,143.88,143.18,143.24,246938
2020-03-12 11:30:00-04:00,143.23,143.62,142.92,143.39,355357
2020-03-12 11:32:00-04:00,143.43,143.75,142.88,142.88,313726
2020-03-12 11:34:00-04:00,142.92,143.35,142.06,142.77,474666
2020-03-12 11:36:00-04:00,142.79,142.83,141.89,142.17,486315
2020-03-12 11:38:00-04:00,142.2,142.36,141.91,142.22,247021
2020-03-12 11:40:00-04:00,142.19,142.59,142.0,142.57,228520
2020-03-12 11:42:00-04:00,142.55,142.85,142.23,142.59,271879
2020-03-12 11:44:00-04:00,142.6,142.87,142.54,142.6,247863
2020-03-12 11:46:00-04:00,142.6,142.82,142.31,142.66,211086
2020-03-12 11:48:00-04:00,142.74,143.1,142.45,142.57,331673
2020-03-12 11:50:00-04:00,142.56,142.58,141.75,141.77,320014
2020-03-12 11:52:00-04:00,141.77,142.5,141.74,142.45,321457
2020-03-12 11:54:00-04:00,142.46,143.08,142.27,143.08,301195
2020-03-12 11:56:00-04:00,143.06,143.81,142.96,143.31,381266
2020-03-12 11:58:00-04:00,143.32,143.63,143.13,143.23,318056
2020-03-12 12:00:00-04:00,143.2,143.26,142.33,142.67,319756
2020-03-12 12:02:00-04:00,142.67,142.9,142.29,142.34,258695
2020-03-12 12:04:00-04:00,142.34,142.34,141.95,142.02,339781
2020-03-12 12:06:00-04:00,141.98,142.19,141.71,141.75,248732
2020-03-12 12:08:00-04:00,141.87,142.03,141.63,141.66,221563
2020-03-12 12:10:00-04:00,141.68,141.79,141.07,141.3,498387
2020-03-12 12:12:00-04:00,141.3,141.93,141.11,141.93,181849
2020-03-12 12:14:00-04:00,141.93,142.74,141.72,142.65,38393557
2020-03-12 12:16:00-04:00,142.66,143.2,142.54,142.77,265702
2020-03-12 12:18:00-04:00,142.73,142.94,142.51,142.81,300963
2020-03-12 12:20:00-04:00,142.79,143.27,142.73,143.18,270487
2020-03-12 12:22:00-04:00,143.17,143.88,142.92,143.88,293295
2020-03-12 12:24:00-04:00,143.88,144.7,143.87,144.7,521907
2020-03-12 12:26:00-04:00,144.72,144.72,144.01,144.52,367902
2020-03-12 12:28:00-04:00,144.49,144.54,143.65,143.71,264544
2020-03-12 12:30:00-04:00,143.71,143.71,143.18,143.25,272413
2020-03-12 12:32:00-04:00,143.26,143.73,143.15,143.55,241388
2020-03-12 12:34:00-04:00,143.53,144.01,143.35,143.99,314948
2020-03-12 12:36:00-04:00,143.99,144.39,143.91,144.25,332892
2020-03-12 12:38:00-04:00,144.26,144.95,144.21,144.7,284697
2020-03-12 12:40:00-04:00,144.67,144.75,143.0,143.16,365749
2020-03-12 12:42:00-04:00,143.16,143.49,143.06,143.35,248647
2020-03-12 12:44:00-04:00,143.3,144.09,143.13,144.07,215054
2020-03-12 12:46:00-04:00,144.05,144.39,143.74,143.94,189934
2020-03-12 12:48:00-04:00,143.94,144.01,143.28,143.52,205980
2020-03-12 12:50:00-04:00,143.52,144.81,143.48,144.41,288911
2020-03-12 12:52:00-04:00,144.33,146.85,144.33,146.84,578265
2020-03-12 12:54:00-04:00,146.81,147.93,146.66,147.56,530397
2020-03-12 12:56:00-04:00,147.56,149.0,147.33,149.0,414251
2020-03-12 12:58:00-04:00,148.98,149.93,148.06,148.06,537442
2020-03-12 13:00:00-04:00,148.06,149.86,147.01,149.5,550805
2020-03-12 13:02:00-04:00,149.49,152.33,149.26,152.32,746527
2020-03-12 13:04:00-04:00,152.22,153.47,151.33,153.36,578464
2020-03-12 13:06:00-04:00,153.4,153.41,148.77,149.21,455973
2020-03-12 13:08:00-04:00,149.24,149.79,148.35,149.6,551687
2020-03-12 13:10:00-04:00,149.52,150.12,147.5,147.56,344962
2020-03-12 13:12:00-04:00,147.57,147.79,145.0,146.83,459080
2020-03-12 13:14:00-04:00,146.93,148.64,145.97,148.64,306786
2020-03-12 13:16:00-04:00,148.64,148.64,146.91,147.47,212939
2020-03-12 13:18:00-04:00,147.44,148.24,147.07,148.08,330107
2020-03-12 13:20:00-04:00,148.08,148.16,147.02,147.84,160625
2020-03-12 13:22:00-04:00,147.86,149.36,147.61,147.9,388480
2020-03-12 13:24:00-04:00,147.89,148.41,147.5,147.57,169667
2020-03-12 13:26:00-04:00,147.55,147.92,147.02,147.62,232700
2020-03-12 13:28:00-04:00,147.6,148.65,147.24,148.15,181112
2020-03-12 13:30:00-04:00,148.14,149.2,147.66,147.98,215520
2020-03-12 13:32:00-04:00,147.94,148.1,147.16,147.19,199236
2020-03-12 13:34:00-04:00,147.32,147.57,146.75,146.75,165026
2020-03-12 13:36:00-04:00,146.75,146.77,144.73,145.02,302261
2020-03-12 13:38:00-04:00,145.0,145.7,144.36,144.46,296268
2020-03-12 13:40:00-04:00,144.4,145.29,143.91,145.18,295135
2020-03-12 13:42:00-04:00,145.2,145.45,144.64,144.92,169280
2020-03-12 13:44:00-04:00,144.87,145.25,144.66,144.93,174214
2020-03-12 13:46:00-04:00,144.88,145.81,144.2,145.43,267877
2020-03-12 13:48:00-04:00,145.42,146.56,145.33,146.47,270584
2020-03-12 13:50:00-04:00,146.43,146.49,145.4,146.49,245184
2020-03-12 13:52:00-04:00,146.47,146.81,145.62,145.63,212632
2020-03-12 13:54:00-04:00,145.67,146.0,144.94,146.0,159173
2020-03-12 13:56:00-04:00,145.95,146.58,145.38,146.49,174513
2020-03-12 13:58:00-04:00,146.49,147.4,146.31,147.26,220585
2020-03-12 14:00:00-04:00,147.25,147.88,144.8,145.05,299145
2020-03-12 14:02:00-04:00,145.07,146.14,145.05,145.81,160809
2020-03-12 14:04:00-04:00,145.68,146.55,145.34,146.12,259175
2020-03-12 14:06:00-04:00,146.18,146.18,145.17,145.34,176871
2020-03-12 14:08:00-04:00,145.34,145.62,144.91,145.56,198700
2020-03-12 14:10:00-04:00,145.55,145.94,144.56,144.66,246662
2020-03-12 14:12:00-04:00,144.66,145.15,143.97,144.85,268954
2020-03-12 14:14:00-04:00,144.93,145.25,144.22,144.43,213962
2020-03-12 14:16:00-04:00,144.46,144.81,144.05,144.56,166471
2020-03-12 14:18:00-04:00,144.64,144.93,143.92,144.14,212391
2020-03-12 14:20:00-04:00,144.12,144.63,143.98,144.07,176243
2020-03-12 14:22:00-04:00,144.08,144.15,143.31,143.74,311572
2020-03-12 14:24:00-04:00,143.73,144.07,143.28,143.99,207367
2020-03-12 14:26:00-04:00,143.98,144.53,143.66,144.2,239149
2020-03-12 14:28:00-04:00,144.22,144.58,143.81,144.07,244136
2020-03-12 14:30:00-04:00,144.03,144.35,143.5,144.26,252472
2020-03-12 14:32:00-04:00,144.27,144.38,143.54,143.61,222292
2020-03-12 14:34:00-04:00,143.6,143.85,143.33,143.65,209974
2020-03-12 14:36:00-04:00,143.6,143.6,143.05,143.25,232737
2020-03-12 14:38:00-04:00,143.3,143.52,142.91,143.32,227302
2020-03-12 14:40:00-04:00,143.29,143.98,143.04,143.41,196793
2020-03-12 14:42:00-04:00,143.42,143.79,143.18,143.52,261904
2020-03-12 14:44:00-04:00,143.58,143.96,143.27,143.58,174477
2020-03-12 14:46:00-04:00,143.79,144.6,143.67,144.52,338685
2020-03-12 14:48:00-04:00,144.57,145.98,144.36,145.98,280425
2020-03-12 14:50:00-04:00,145.97,146.4,145.4,145.71,422831
2020-03-12 14:52:00-04:00,145.75,146.07,144.2,144.35,338905
2020-03-12 14:54:00-04:00,144.33,144.54,143.67,144.5,355141
2020-03-12 14:56:00-04:00,144.47,144.55,143.61,143.84,301091
2020-03-12 14:58:00-04:00,143.9,143.9,143.13,143.17,249563
2020-03-12 15:00:00-04:00,143.24,143.64,143.09,143.38,238658
2020-03-12 15:02:00-04:00,143.38,143.5,143.01,143.07,246211
2020-03-12 15:04:00-04:00,143.07,143.49,142.7,142.72,324507
2020-03-12 15:06:00-04:00,142.71,142.81,142.33,142.56,306004
2020-03-12 15:08:00-04:00,142.55,144.0,142.36,143.09,522742
2020-03-12 15:10:00-04:00,143.07,144.37,143.04,143.59,611236
2020-03-12 15:12:00-04:00,143.59,143.66,142.8,142.8,352699
2020-03-12 15:14:00-04:00,142.8,143.63,142.0,142.01,789221
2020-03-12 15:16:00-04:00,142.04,142.35,141.82,142.16,369131
2020-03-12 15:18:00-04:00,142.17,142.33,141.94,142.1,271246
2020-03-12 15:20:00-04:00,142.24,142.33,141.5,141.7,420462
2020-03-12 15:22:00-04:00,141.7,142.28,141.31,141.51,519207
2020-03-12 15:24:00-04:00,141.5,141.99,141.26,141.92,413812
2020-03-12 15:26:00-04:00,141.94,142.0,141.4,141.57,422182
2020-03-12 15:28:00-04:00,141.54,141.68,141.27,141.29,364395
2020-03-12 15:30:00-04:00,141.26,141.63,141.2,141.28,381830
2020-03-12 15:32:00-04:00,141.29,142.02,141.16,141.18,512943
2020-03-12 15:34:00-04:00,141.16,141.75,141.05,141.23,477486
2020-03-12 15:36:00-04:00,141.23,141.73,141.11,141.36,392508
2020-03-12 15:38:00-04:00,141.33,142.2,141.25,142.12,369403
2020-03-12 15:40:00-04:00,142.12,144.2,141.82,143.73,767652
2020-03-12 15:42:00-04:00,143.76,144.01,142.56,143.08,481425
2020-03-12 15:44:00-04:00,143.11,143.9,143.04,143.31,505612
2020-03-12 15:46:00-04:00,143.32,143.43,142.25,142.52,547398
2020-03-12 15:48:00-04:00,142.54,143.78,142.03,143.3,580675
2020-03-12 15:50:00-04:00,143.2,145.16,143.2,144.37,1083805
2020-03-12 15:52:00-04:00,144.37,144.87,142.86,144.0,920901
2020-03-12 15:54:00-04:00,144.04,144.33,141.43,141.63,1326972
2020-03-12 15:56:00-04:00,141.58,141.6,140.1,140.21,1525615
2020-03-12 15:58:00-04:00,140.21,140.29,138.58,138.83,3100408
2020-03-13 09:30:00-04:00,148.28,148.67,148.08,148.41,3568687
2020-03-13 09:32:00-04:00,148.45,148.47,146.83,146.83,946442
2020-03-13 09:34:00-04:00,146.62,146.76,146.26,146.75,888461
2020-03-13 09:36:00-04:00,146.45,146.61,146.0,146.0,681456
2020-03-13 09:38:00-04:00,145.93,145.93,145.12,145.12,641360
2020-03-13 09:40:00-04:00,144.75,144.75,144.3,144.53,920571
2020-03-13 09:42:00-04:00,144.34,145.49,144.34,145.49,778427
2020-03-13 09:44:00-04:00,145.42,145.98,145.42,145.98,760626
2020-03-13 09:46:00-04:00,145.04,145.45,144.72,144.72,570697
2020-03-13 09:48:00-04:00,144.87,145.09,144.64,144.94,442845
2020-03-13 09:50:00-04:00,144.82,144.82,144.23,144.23,532617
2020-03-13 09:52:00-04:00,144.27,144.3,144.0,144.0,544085
2020-03-13 09:54:00-04:00,143.85,144.0,143.34,143.34,667099
2020-03-13 09:56:00-04:00,143.37,143.37,143.14,143.33,497732
2020-03-13 09:58:00-04:00,144.2,144.78,143.34,144.67,539813
2020-03-13 10:00:00-04:00,144.64,145.6,144.07,145.6,457719
2020-03-13 10:02:00-04:00,145.62,145.87,145.1,145.77,446236
2020-03-13 10:04:00-04:00,145.77,146.07,145.63,146.07,458253
2020-03-13 10:06:00-04:00,146.08,146.65,145.8,146.0,708836
2020-03-13 10:08:00-04:00,146.0,146.61,145.57,145.67,647217
2020-03-13 10:10:00-04:00,145.66,145.73,145.17,145.71,399080
2020-03-13 10:12:00-04:00,145.99,146.5,145.53,145.72,539452
2020-03-13 10:14:00-04:00,145.7,146.18,145.35,145.92,364745
2020-03-13 10:16:00-04:00,145.92,146.71,145.62,146.61,411528
2020-03-13 10:18:00-04:00,146.56,147.49,146.3,147.06,504639
2020-03-13 10:20:00-04:00,147.12,147.66,146.64,147.65,453343
2020-03-13 10:22:00-04:00,147.65,147.78,147.2,147.57,364125
2020-03-13 10:24:00-04:00,147.6,147.6,146.45,146.97,459036
2020-03-13 10:26:00-04:00,146.96,147.7,146.78,147.03,477399
2020-03-13 10:28:00-04:00,147.07,147.3,146.55,146.73,502220
2020-03-13 10:30:00-04:00,146.77,147.12,145.79,145.89,437897
2020-03-13 10:32:00-04:00,145.88,146.88,145.81,146.88,344360
2020-03-13 10:34:00-04:00,146.35,146.35,145.64,145.83,339271
2020-03-13 10:36:00-04:00,145.86,146.38,145.55,145.55,285528
2020-03-13 10:38:00-04:00,145.53,145.75,145.02,145.44,336140
2020-03-13 10:40:00-04:00,145.45,145.45,144.93,145.07,406153
2020-03-13 10:42:00-04:00,145.06,145.07,144.26,144.54,362652
2020-03-13 10:44:00-04:00,144.57,145.22,144.43,145.15,302051
2020-03-13 10:46:00-04:00,145.1,145.33,144.88,145.13,243362
2020-03-13 10:48:00-04:00,145.15,145.33,144.67,144.78,373840
2020-03-13 10:50:00-04:00,144.76,145.19,144.62,144.69,273399
2020-03-13 10:52:00-04:00,144.72,144.83,144.46,144.64,239239
2020-03-13 10:54:00-04:00,144.62,144.94,144.35,144.44,257613
2020-03-13 10:56:00-04:00,144.45,144.53,143.66,143.75,462923
2020-03-13 10:58:00-04:00,143.72,143.77,143.0,143.17,518649
2020-03-13 11:00:00-04:00,143.12,144.17,143.12,144.14,236658
2020-03-13 11:06:00-04:00,144.78,144.87,144.53,144.59,1128872
2020-03-13 11:08:00-04:00,144.58,145.09,144.45,144.95,317260
2020-03-13 11:10:00-04:00,144.96,145.11,144.08,144.26,297219
2020-03-13 11:12:00-04:00,144.27,144.85,144.01,144.34,262670
2020-03-13 11:14:00-04:00,144.26,145.4,144.25,144.86,355195
2020-03-13 11:16:00-04:00,144.88,144.88,143.84,144.51,249328
2020-03-13 11:18:00-04:00,144.53,144.53,143.53,143.92,318532
2020-03-13 11:20:00-04:00,143.88,144.49,143.82,144.1,232607
2020-03-13 11:22:00-04:00,144.1,144.34,143.78,143.8,187065
2020-03-13 11:24:00-04:00,143.83,144.02,143.65,143.77,186416
2020-03-13 11:26:00-04:00,143.78,143.86,143.12,143.45,242259
2020-03-13 11:28:00-04:00,143.39,143.46,142.23,142.23,464401
2020-03-13 11:30:00-04:00,142.55,142.56,141.83,142.04,435869
2020-03-13 11:32:00-04:00,142.01,142.04,141.56,141.67,372568
2020-03-13 11:34:00-04:00,141.68,142.78,141.46,142.27,366260
2020-03-13 11:36:00-04:00,142.28,142.95,142.02,142.51,278615
2020-03-13 11:38:00-04:00,142.46,142.57,141.74,141.89,295771
2020-03-13 11:40:00-04:00,141.89,142.01,141.53,141.76,299895
2020-03-13 11:42:00-04:00,141.77,141.89,141.39,141.89,261077
2020-03-13 11:44:00-04:00,141.89,142.22,141.43,141.94,339177
2020-03-13 11:46:00-04:00,141.94,142.19,141.1,141.38,300093
2020-03-13 11:48:00-04:00,141.36,141.49,140.73,140.87,295225
2020-03-13 11:50:00-04:00,140.84,141.66,140.81,141.65,352095
2020-03-13 11:52:00-04:00,141.65,142.08,141.35,142.02,421434
2020-03-13 11:54:00-04:00,142.0,143.58,141.78,143.27,492441
2020-03-13 11:56:00-04:00,143.29,145.11,143.23,144.9,684363
2020-03-13 11:58:00-04:00,144.89,145.05,144.28,144.37,505065
2020-03-13 12:00:00-04:00,144.33,144.89,144.19,144.23,450131
2020-03-13 12:02:00-04:00,144.27,144.34,143.17,143.53,342238
2020-03-13 12:04:00-04:00,143.53,143.73,142.91,142.92,291046
2020-03-13 12:06:00-04:00,142.9,143.19,142.45,142.54,254218
2020-03-13 12:08:00-04:00,142.54,143.39,142.4,142.94,289575
2020-03-13 12:10:00-04:00,142.88,143.89,142.46,143.46,272748
2020-03-13 12:12:00-04:00,143.43,143.51,142.96,142.99,188832
2020-03-13 12:14:00-04:00,143.02,143.87,142.97,143.64,206842
2020-03-13 12:16:00-04:00,143.67,144.1,143.3,143.39,276616
2020-03-13 12:18:00-04:00,143.42,143.83,143.31,143.41,196401
2020-03-13 12:20:00-04:00,143.45,143.69,143.08,143.44,190776
2020-03-13 12:22:00-04:00,143.47,143.56,142.85,143.1,195067
2020-03-13 12:24:00-04:00,143.07,143.2,142.41,143.06,155558
2020-03-13 12:26:00-04:00,143.09,143.25,142.63,143.17,190902
2020-03-13 12:28:00-04:00,143.14,143.59,143.01,143.1,226449
2020-03-13 12:30:00-04:00,143.08,143.74,143.0,143.64,160648
2020-03-13 12:32:00-04:00,143.65,145.3,143.48,145.29,390245
2020-03-13 12:34:00-04:00,145.31,145.47,144.21,144.49,269738
2020-03-13 12:36:00-04:00,144.46,144.79,144.09,144.12,184415
2020-03-13 12:38:00-04:00,144.17,145.12,144.1,144.92,235708
2020-03-13 12:40:00-04:00,144.94,145.82,144.83,145.65,351112
2020-03-13 12:42:00-04:00,145.72,145.91,145.24,145.65,237132
2020-03-13 12:44:00-04:00,145.69,146.01,145.55,145.9,363942
2020-03-13 12:46:00-04:00,145.93,146.03,145.04,145.61,317484
2020-03-13 12:48:00-04:00,145.63,145.92,145.1,145.88,218052
2020-03-13 12:50:00-04:00,145.87,146.36,145.72,146.18,330106
2020-03-13 12:52:00-04:00,146.23,146.52,146.1,146.15,271619
2020-03-13 12:54:00-04:00,146.15,146.52,145.1,145.24,259712
2020-03-13 12:56:00-04:00,145.2,145.67,145.08,145.45,225955
2020-03-13 12:58:00-04:00,145.48,145.61,144.78,144.9,332986
2020-03-13 13:00:00-04:00,144.93,145.1,144.47,144.75,220779
2020-03-13 13:02:00-04:00,144.79,145.2,144.27,144.45,227301
2020-03-13 13:04:00-04:00,144.43,144.56,143.79,143.88,198705
2020-03-13 13:06:00-04:00,143.86,144.27,143.74,144.08,175108
2020-03-13 13:08:00-04:00,144.12,144.57,143.99,144.16,196349
2020-03-13 13:10:00-04:00,144.14,144.15,143.52,143.99,178339
2020-03-13 13:12:00-04:00,144.03,144.86,143.9,144.55,136893
2020-03-13 13:14:00-04:00,144.51,145.07,144.07,144.83,191042
2020-03-13 13:16:00-04:00,144.82,144.83,144.21,144.4,183010
2020-03-13 13:18:00-04:00,144.44,145.15,144.33,145.05,143196
2020-03-13 13:20:00-04:00,145.1,145.88,145.0,145.74,189506
2020-03-13 13:22:00-04:00,145.72,145.9,145.27,145.68,164764
2020-03-13 13:24:00-04:00,145.67,146.23,145.46,146.0,231178
2020-03-13 13:26:00-04:00,145.98,146.48,145.85,146.45,186332
2020-03-13 13:28:00-04:00,146.43,146.97,146.41,146.8,298540
2020-03-13 13:30:00-04:00,146.77,147.43,146.7,147.39,441201
2020-03-13 13:32:00-04:00,147.42,147.42,146.87,146.87,329384
2020-03-13 13:34:00-04:00,146.87,146.94,146.31,146.42,257245
2020-03-13 13:36:00-04:00,146.44,146.47,145.43,145.59,335615
2020-03-13 13:38:00-04:00,145.58,146.48,145.52,146.34,220021
2020-03-13 13:40:00-04:00,146.32,147.21,146.31,147.03,272596
2020-03-13 13:42:00-04:00,147.08,147.16,146.09,146.48,233228
2020-03-13 13:44:00-04:00,146.53,147.11,146.45,147.07,211396
2020-03-13 13:46:00-04:00,147.07,147.15,146.81,146.85,27374
2020-03-13 13:48:00-04:00,146.92,146.96,146.77,146.96,197134
2020-03-13 13:50:00-04:00,147.07,147.21,146.88,147.19,318231
2020-03-13 13:52:00-04:00,147.18,147.47,146.93,147.44,187257
2020-03-13 13:54:00-04:00,147.41,147.45,146.12,146.37,220998
2020-03-13 13:56:00-04:00,146.39,146.85,146.06,146.73,178371
2020-03-13 13:58:00-04:00,146.74,146.96,146.5,146.65,146682
2020-03-13 14:00:00-04:00,146.63,146.65,145.41,145.55,246907
2020-03-13 14:02:00-04:00,145.54,146.28,145.25,145.95,268369
2020-03-13 14:04:00-04:00,145.96,146.27,145.59,145.91,197275
2020-03-13 14:06:00-04:00,145.94,145.98,145.05,145.14,244177
2020-03-13 14:08:00-04:00,145.13,145.15,144.04,145.12,332727
2020-03-13 14:10:00-04:00,145.06,145.45,144.76,145.2,259504
2020-03-13 14:12:00-04:00,145.19,145.72,145.08,145.27,239686
2020-03-13 14:14:00-04:00,145.27,145.42,145.03,145.06,201917
2020-03-13 14:16:00-04:00,145.07,145.77,145.0,145.52,267523
2020-03-13 14:18:00-04:00,145.51,145.79,144.73,144.97,251923
2020-03-13 14:20:00-04:00,144.99,145.39,144.86,144.92,194459
2020-03-13 14:22:00-04:00,144.89,145.38,144.42,145.24,202627
2020-03-13 14:24:00-04:00,145.24,145.67,144.72,144.72,180498
2020-03-13 14:26:00-04:00,144.72,145.14,144.49,144.57,155446
2020-03-13 14:28:00-04:00,144.6,144.91,144.08,144.18,207817
2020-03-13 14:30:00-04:00,144.17,144.41,143.71,143.84,296268
2020-03-13 14:32:00-04:00,143.83,144.65,143.61,144.33,220999
2020-03-13 14:34:00-04:00,144.34,144.84,144.34,144.4,190341
2020-03-13 14:36:00-04:00,144.4,144.42,143.76,143.93,224377
2020-03-13 14:38:00-04:00,143.92,143.92,143.4,143.42,237441
2020-03-13 14:40:00-04:00,143.42,143.63,143.1,143.57,275841
2020-03-13 14:42:00-04:00,143.62,144.58,143.2,144.58,306017
2020-03-13 14:44:00-04:00,144.58,145.16,144.35,144.71,226569
2020-03-13 14:46:00-04:00,144.72,145.25,144.71,145.13,206942
2020-03-13 14:48:00-04:00,145.08,145.14,144.41,144.59,257394
2020-03-13 14:50:00-04:00,144.58,144.97,144.12,144.85,235544
2020-03-13 14:52:00-04:00,145.05,145.08,144.34,144.52,252422
2020-03-13 14:54:00-04:00,144.52,144.83,144.33,144.8,224861
2020-03-13 14:56:00-04:00,144.62,144.73,144.59,144.73,179134
2020-03-13 14:58:00-04:00,144.7,144.86,144.45,144.7,269579
2020-03-13 15:00:00-04:00,144.64,146.1,144.38,145.81,439203
2020-03-13 15:02:00-04:00,145.77,145.82,144.77,144.91,238874
2020-03-13 15:04:00-04:00,144.94,145.33,144.7,145.33,215136
2020-03-13 15:10:00-04:00,145.45,145.8,144.74,144.74,777609
2020-03-13 15:12:00-04:00,144.78,145.41,144.3,144.32,327276
2020-03-13 15:14:00-04:00,144.32,145.63,144.18,145.41,289592
2020-03-13 15:16:00-04:00,145.33,145.8,145.2,145.61,198941
2020-03-13 15:18:00-04:00,145.61,145.9,145.42,145.72,234807
2020-03-13 15:20:00-04:00,145.71,145.95,145.33,145.94,232451
2020-03-13 15:22:00-04:00,145.9,146.04,145.52,145.94,300634
2020-03-13 15:24:00-04:00,145.93,146.34,145.9,146.13,257476
2020-03-13 15:26:00-04:00,146.14,146.22,145.62,145.62,291243
2020-03-13 15:28:00-04:00,145.61,146.21,145.43,145.75,317560
2020-03-13 15:30:00-04:00,145.68,146.22,144.04,144.06,471837
2020-03-13 15:32:00-04:00,144.05,144.71,142.34,142.45,603122
2020-03-13 15:34:00-04:00,142.45,144.56,141.99,144.54,535268
2020-03-13 15:36:00-04:00,144.51,144.93,143.81,144.5,402553
2020-03-13 15:38:00-04:00,145.01,146.5,144.97,145.96,478536
2020-03-13 15:40:00-04:00,145.94,146.86,145.39,146.84,436586
2020-03-13 15:42:00-04:00,146.86,148.18,146.79,147.38,884084
2020-03-13 15:44:00-04:00,147.42,149.18,147.35,149.12,726947
2020-03-13 15:46:00-04:00,149.13,149.4,149.13,149.32,112782
2020-03-13 15:48:00-04:00,149.19,149.59,149.1,149.53,1391893
2020-03-13 15:50:00-04:00,149.51,151.69,149.51,151.68,1363797
2020-03-13 15:52:00-04:00,151.68,152.5,151.61,152.45,1078296
2020-03-13 15:54:00-04:00,152.47,156.36,152.39,153.91,2054141
2020-03-13 15:56:00-04:00,154.33,156.63,153.79,156.63,1955116
2020-03-13 15:58:00-04:00,156.86,158.85,156.86,158.85,4350953
2020-03-16 09:30:00-04:00,140.0,140.82,139.7,140.02,1289965
2020-03-16 09:44:00-04:00,138.15,139.0,138.05,138.75,1969684
2020-03-16 09:46:00-04:00,138.3,139.9,138.16,139.57,1675033
2020-03-16 09:48:00-04:00,138.91,139.68,138.5,138.52,977116
2020-03-16 09:50:00-04:00,138.51,139.78,138.4,139.66,873183
2020-03-16 09:52:00-04:00,139.33,142.68,139.25,142.67,967351
2020-03-16 09:54:00-04:00,142.64,144.2,142.31,144.07,1293811
2020-03-16 09:56:00-04:00,144.05,144.12,142.26,142.26,701731
2020-03-16 09:58:00-04:00,142.26,143.3,142.01,142.53,716035
2020-03-16 10:00:00-04:00,142.51,143.58,142.33,143.21,636630
2020-03-16 10:02:00-04:00,143.13,143.47,142.11,142.46,501136
2020-03-16 10:04:00-04:00,142.45,143.17,141.25,142.99,589287
2020-03-16 10:06:00-04:00,142.99,143.18,142.39,142.68,510409
2020-03-16 10:08:00-04:00,142.65,143.31,142.59,143.31,523609
2020-03-16 10:10:00-04:00,143.31,143.85,142.95,143.84,521442
2020-03-16 10:12:00-04:00,143.85,143.89,142.95,143.22,414449
2020-03-16 10:14:00-04:00,143.21,143.24,142.51,142.85,517643
2020-03-16 10:16:00-04:00,142.83,143.02,142.37,143.01,391710
2020-03-16 10:18:00-04:00,142.98,143.18,142.1,142.52,450174
2020-03-16 10:20:00-04:00,142.51,143.0,142.08,142.87,361304
2020-03-16 10:22:00-04:00,142.87,143.51,142.77,143.35,438500
2020-03-16 10:24:00-04:00,143.32,144.24,143.08,144.01,556271
2020-03-16 10:26:00-04:00,144.0,144.99,143.65,144.24,555117
2020-03-16 10:28:00-04:00,144.21,144.21,143.0,143.7,345371
2020-03-16 10:30:00-04:00,143.69,144.85,143.58,144.83,402518
2020-03-16 10:32:00-04:00,144.8,145.42,144.33,145.42,519669
2020-03-16 10:34:00-04:00,145.4,147.55,145.31,147.55,604702
2020-03-16 10:36:00-04:00,147.55,147.58,145.6,146.14,524727
2020-03-16 10:38:00-04:00,146.14,147.77,145.55,147.72,498270
2020-03-16 10:40:00-04:00,147.72,147.75,146.11,146.78,546026
2020-03-16 10:42:00-04:00,146.76,147.04,145.82,146.09,360248
2020-03-16 10:44:00-04:00,146.1,146.59,145.77,146.24,369422
2020-03-16 10:46:00-04:00,146.24,147.41,146.07,147.09,378704
2020-03-16 10:48:00-04:00,147.07,147.43,145.96,146.17,415063
2020-03-16 10:50:00-04:00,146.19,146.56,145.52,145.72,344372
2020-03-16 10:52:00-04:00,145.78,146.13,145.27,145.77,311469
2020-03-16 10:54:00-04:00,145.77,146.6,145.71,146.46,341942
2020-03-16 10:56:00-04:00,146.43,146.86,145.61,145.8,285235
2020-03-16 10:58:00-04:00,145.83,147.08,145.0,145.64,401957
2020-03-16 11:00:00-04:00,145.53,146.18,145.43,146.05,210638
2020-03-16 11:02:00-04:00,146.06,147.19,146.06,146.99,321701
2020-03-16 11:04:00-04:00,146.99,147.16,145.93,146.05,291724
2020-03-16 11:06:00-04:00,146.05,147.09,145.57,146.33,374541
2020-03-16 11:08:00-04:00,146.35,147.26,145.83,147.18,300483
2020-03-16 11:10:00-04:00,147.2,147.76,147.05,147.65,351580
2020-03-16 11:12:00-04:00,147.6,147.79,147.08,147.33,305566
2020-03-16 11:14:00-04:00,147.64,147.72,147.25,147.69,304303
2020-03-16 11:16:00-04:00,147.69,148.0,147.17,147.98,709491
2020-03-16 11:18:00-04:00,147.98,148.97,147.9,148.89,489331
2020-03-16 11:20:00-04:00,148.85,149.35,148.16,149.04,502901
2020-03-16 11:22:00-04:00,149.03,149.08,148.0,148.59,370406
2020-03-16 11:24:00-04:00,148.6,149.0,148.38,148.66,292849
2020-03-16 11:26:00-04:00,148.65,148.84,148.03,148.07,382037
2020-03-16 11:28:00-04:00,148.1,148.21,147.5,147.95,337808
2020-03-16 11:30:00-04:00,147.98,148.34,147.74,147.79,273895
2020-03-16 11:32:00-04:00,147.77,147.95,147.0,147.0,302283
2020-03-16 11:34:00-04:00,147.01,147.05,145.39,146.24,418450
2020-03-16 11:36:00-04:00,146.2,147.4,146.18,147.19,249486
2020-03-16 11:38:00-04:00,147.2,147.55,146.71,147.07,245658
2020-03-16 11:40:00-04:00,147.04,147.5,146.86,147.0,328434
2020-03-16 11:42:00-04:00,146.97,147.3,146.21,146.6,340660
2020-03-16 11:44:00-04:00,146.61,146.63,145.53,145.62,268494
2020-03-16 11:46:00-04:00,145.59,146.12,145.5,145.68,314113
2020-03-16 11:48:00-04:00,145.68,145.79,145.1,145.7,263536
2020-03-16 11:50:00-04:00,145.73,146.17,145.41,145.71,235767
2020-03-16 11:52:00-04:00,145.71,145.76,145.0,145.43,211545
2020-03-16 11:54:00-04:00,145.41,145.55,145.12,145.32,280979
2020-03-16 11:56:00-04:00,145.35,145.47,145.02,145.16,194521
2020-03-16 11:58:00-04:00,145.22,146.13,145.0,146.07,335997
2020-03-16 12:00:00-04:00,146.01,146.02,145.32,145.78,236837
2020-03-16 12:02:00-04:00,145.81,146.53,145.76,146.39,284925
2020-03-16 12:04:00-04:00,146.41,146.62,145.69,145.81,286072
2020-03-16 12:06:00-04:00,145.77,146.08,145.01,145.03,227301
2020-03-16 12:08:00-04:00,145.03,145.58,145.0,145.52,299779
2020-03-16 12:10:00-04:00,145.5,145.7,145.02,145.19,192332
2020-03-16 12:12:00-04:00,145.32,145.47,145.0,145.05,238146
2020-03-16 12:14:00-04:00,145.07,145.28,144.89,145.13,249549
2020-03-16 12:16:00-04:00,145.11,145.24,144.4,144.42,308258
2020-03-16 12:18:00-04:00,144.42,144.54,143.56,143.56,295418
2020-03-16 12:20:00-04:00,143.56,144.06,143.52,143.83,228163
2020-03-16 12:22:00-04:00,143.83,144.01,143.8,143.9,102105
2020-03-16 12:24:00-04:00,143.78,144.0,143.76,143.99,148954
2020-03-16 12:26:00-04:00,144.2,144.2,143.98,143.99,692863
2020-03-16 12:28:00-04:00,143.99,144.55,143.9,144.27,206126
2020-03-16 12:30:00-04:00,144.28,144.64,144.04,144.43,215161
2020-03-16 12:32:00-04:00,144.43,144.46,144.03,144.28,170808
2020-03-16 12:34:00-04:00,144.31,145.97,144.24,145.95,268493
2020-03-16 12:36:00-04:00,145.93,145.93,145.0,145.02,225165
2020-03-16 12:38:00-04:00,145.0,145.38,144.67,145.2,226240
2020-03-16 12:40:00-04:00,145.2,145.34,144.82,144.91,225117
2020-03-16 12:42:00-04:00,144.93,145.45,144.53,145.43,172997
2020-03-16 12:44:00-04:00,145.41,145.55,144.88,144.88,193074
2020-03-16 12:46:00-04:00,144.86,145.04,144.66,144.73,92265
2020-03-16 12:48:00-04:00,144.73,144.87,144.21,144.34,127147
2020-03-16 12:50:00-04:00,144.38,144.39,143.7,143.81,192503
2020-03-16 12:52:00-04:00,143.79,143.81,143.18,143.21,229770
2020-03-16 12:54:00-04:00,143.21,143.5,143.0,143.01,250640
2020-03-16 12:56:00-04:00,143.01,143.25,142.52,143.25,241123
2020-03-16 12:58:00-04:00,143.21,143.21,142.46,142.51,249628
2020-03-16 13:00:00-04:00,142.5,142.88,142.33,142.85,272596
2020-03-16 13:02:00-04:00,142.86,143.15,142.54,142.56,199376
2020-03-16 13:04:00-04:00,142.55,142.84,142.15,142.15,239711
2020-03-16 13:06:00-04:00,142.18,142.2,141.76,141.81,351077
2020-03-16 13:08:00-04:00,141.86,141.94,141.31,141.8,260225
2020-03-16 13:10:00-04:00,141.86,143.51,141.55,142.95,330927
2020-03-16 13:12:00-04:00,142.91,143.69,142.82,143.54,336629
2020-03-16 13:14:00-04:00,143.54,143.57,142.89,143.09,224973
2020-03-16 13:16:00-04:00,143.09,143.47,142.76,142.76,239153
2020-03-16 13:18:00-04:00,142.78,142.86,142.26,142.59,188290
2020-03-16 13:20:00-04:00,142.59,142.62,142.1,142.41,159280
2020-03-16 13:22:00-04:00,142.45,142.7,142.28,142.63,142956
2020-03-16 13:24:00-04:00,142.61,143.31,142.52,142.79,230583
2020-03-16 13:26:00-04:00,142.78,142.8,142.22,142.7,195025
2020-03-16 13:28:00-04:00,142.7,142.8,142.26,142.36,233938
2020-03-16 13:30:00-04:00,142.37,142.4,142.0,142.0,260001
2020-03-16 13:32:00-04:00,142.0,142.09,141.21,141.24,271481
2020-03-16 13:34:00-04:00,141.22,141.75,141.15,141.22,271877
2020-03-16 13:36:00-04:00,141.03,141.28,140.99,141.28,344359
2020-03-16 13:38:00-04:00,141.58,141.89,141.24,141.32,245279
2020-03-16 13:40:00-04:00,141.33,141.33,140.86,140.9,223849
2020-03-16 13:42:00-04:00,140.91,140.92,140.5,140.63,237003
2020-03-16 13:44:00-04:00,140.64,141.13,140.6,141.09,232799
2020-03-16 13:46:00-04:00,141.08,141.08,140.45,140.56,259376
2020-03-16 13:48:00-04:00,140.57,141.05,140.41,140.62,277271
2020-03-16 13:50:00-04:00,140.62,140.94,140.5,140.52,290047
2020-03-16 13:52:00-04:00,140.51,140.7,140.22,140.63,199966
2020-03-16 13:54:00-04:00,140.66,141.28,140.31,141.28,247797
2020-03-16 13:56:00-04:00,141.25,141.55,140.75,140.91,245988
2020-03-16 13:58:00-04:00,140.95,141.25,140.75,140.78,192417
2020-03-16 14:00:00-04:00,140.76,140.76,140.2,140.25,256953
2020-03-16 14:02:00-04:00,140.27,141.25,140.21,141.2,275746
2020-03-16 14:04:00-04:00,141.21,141.36,140.53,140.81,240711
2020-03-16 14:06:00-04:00,140.81,140.81,140.3,140.31,199081
2020-03-16 14:08:00-04:00,140.32,140.74,140.28,140.31,197599
2020-03-16 14:10:00-04:00,140.3,140.65,140.3,140.6,194948
2020-03-16 14:12:00-04:00,140.61,140.61,140.25,140.35,181448
2020-03-16 14:14:00-04:00,140.36,140.94,140.34,140.87,197161
2020-03-16 14:16:00-04:00,140.84,141.04,140.33,140.4,228097
2020-03-16 14:18:00-04:00,140.38,140.39,140.05,140.11,306061
2020-03-16 14:20:00-04:00,140.1,140.83,140.05,140.34,304251
2020-03-16 14:22:00-04:00,140.33,140.52,140.12,140.23,192770
2020-03-16 14:24:00-04:00,140.32,140.36,140.0,140.24,480263
2020-03-16 14:26:00-04:00,140.23,140.87,140.07,140.71,216308
2020-03-16 14:28:00-04:00,140.7,141.63,140.41,141.56,279728
2020-03-16 14:30:00-04:00,141.55,141.89,141.09,141.59,330630
2020-03-16 14:32:00-04:00,141.61,142.8,141.45,142.65,473556
2020-03-16 14:34:00-04:00,142.67,144.48,142.63,143.54,785177
2020-03-16 14:36:00-04:00,143.58,143.63,142.17,142.39,350429
2020-03-16 14:38:00-04:00,142.4,142.92,142.26,142.35,245627
2020-03-16 14:40:00-04:00,142.38,142.38,141.27,141.48,248145
2020-03-16 14:42:00-04:00,141.49,141.73,140.86,141.18,263085
2020-03-16 14:44:00-04:00,141.18,142.5,138.15,141.47,291234
2020-03-16 14:46:00-04:00,141.46,141.57,140.56,140.67,224323
2020-03-16 14:48:00-04:00,140.65,141.49,140.65,141.19,281753
2020-03-16 14:50:00-04:00,141.2,141.93,140.52,141.57,338060
2020-03-16 14:52:00-04:00,141.62,142.57,141.12,141.15,312740
2020-03-16 14:54:00-04:00,141.2,142.06,140.96,141.62,279368
2020-03-16 14:56:00-04:00,141.59,143.15,141.33,143.13,352347
2020-03-16 14:58:00-04:00,143.15,143.56,142.61,142.9,427360
2020-03-16 15:00:00-04:00,142.89,144.3,142.89,143.81,414827
2020-03-16 15:02:00-04:00,143.83,143.87,142.41,142.63,320322
2020-03-16 15:04:00-04:00,142.63,143.15,142.48,142.68,249628
2020-03-16 15:06:00-04:00,142.7,143.57,142.68,142.72,287792
2020-03-16 15:08:00-04:00,142.73,142.91,142.0,142.02,277726
2020-03-16 15:10:00-04:00,142.06,142.9,141.6,142.26,255094
2020-03-16 15:12:00-04:00,142.29,142.72,141.51,141.56,251670
2020-03-16 15:14:00-04:00,141.53,141.95,141.21,141.62,245183
2020-03-16 15:16:00-04:00,141.68,142.63,141.56,142.33,260508
2020-03-16 15:18:00-04:00,142.3,143.0,141.85,142.28,281699
2020-03-16 15:20:00-04:00,142.26,142.73,141.99,142.67,265699
2020-03-16 15:22:00-04:00,142.63,142.66,141.5,141.55,378543
2020-03-16 15:24:00-04:00,141.51,143.03,141.4,142.13,384172
2020-03-16 15:26:00-04:00,142.14,142.39,141.2,141.88,339614
2020-03-16 15:28:00-04:00,141.82,142.49,141.01,141.15,315035
2020-03-16 15:30:00-04:00,141.12,141.15,140.0,140.04,525899
2020-03-16 15:32:00-04:00,140.02,140.13,139.85,139.85,826759
2020-03-16 15:34:00-04:00,139.86,140.87,139.75,140.05,549783
2020-03-16 15:36:00-04:00,140.01,140.09,139.11,139.18,509711
2020-03-16 15:38:00-04:00,139.16,139.32,139.0,139.3,631490
2020-03-16 15:40:00-04:00,139.29,139.33,138.8,139.04,594505
2020-03-16 15:42:00-04:00,139.01,140.22,138.85,139.93,653727
2020-03-16 15:44:00-04:00,139.93,142.2,139.66,140.19,840346
2020-03-16 15:46:00-04:00,140.18,141.56,139.78,140.0,700818
2020-03-16 15:48:00-04:00,139.95,141.27,139.51,139.61,582535
2020-03-16 15:50:00-04:00,139.56,139.66,138.15,138.26,1521704
2020-03-16 15:52:00-04:00,138.27,138.47,138.0,138.01,1363941
2020-03-16 15:54:00-04:00,138.01,138.19,137.86,137.86,1404898
2020-03-16 15:56:00-04:00,137.87,137.87,136.98,136.99,1602167
2020-03-16 15:58:00-04:00,136.99,136.99,135.0,135.41,2983779
2020-03-17 09:30:00-04:00,141.15,141.21,140.0,140.0,2512669
2020-03-17 09:32:00-04:00,140.76,140.76,139.56,139.56,1113126
2020-03-17 09:34:00-04:00,140.21,140.21,138.41,138.41,598292
2020-03-17 09:36:00-04:00,138.45,138.45,136.16,136.16,771242
2020-03-17 09:38:00-04:00,136.48,137.15,136.48,137.09,690490
2020-03-17 09:40:00-04:00,136.72,138.0,136.72,138.0,463603
2020-03-17 09:42:00-04:00,138.07,138.07,136.79,136.79,577045
2020-03-17 09:44:00-04:00,136.52,138.47,136.52,138.47,563637
2020-03-17 09:46:00-04:00,138.41,138.92,137.85,137.85,512116
2020-03-17 09:48:00-04:00,137.96,138.57,137.16,137.16,524377
2020-03-17 09:50:00-04:00,137.18,137.18,136.29,136.29,408768
2020-03-17 09:52:00-04:00,136.63,136.63,136.04,136.04,381287
2020-03-17 09:54:00-04:00,136.1,136.1,135.43,135.63,601060
2020-03-17 09:56:00-04:00,135.71,137.23,135.71,137.23,493522
2020-03-17 09:58:00-04:00,136.94,137.38,136.14,136.3,325075
2020-03-17 10:00:00-04:00,136.34,136.79,135.0,135.96,575645
2020-03-17 10:02:00-04:00,135.99,136.45,135.23,135.34,561248
2020-03-17 10:04:00-04:00,135.49,136.57,135.3,136.46,488334
2020-03-17 10:06:00-04:00,136.46,137.3,136.22,137.29,405423
2020-03-17 10:08:00-04:00,137.28,137.37,136.23,136.67,439867
2020-03-17 10:10:00-04:00,136.66,138.07,136.51,137.75,411053
2020-03-17 10:12:00-04:00,137.77,137.93,137.53,137.82,315841
2020-03-17 10:14:00-04:00,137.84,137.98,136.67,136.67,401381
2020-03-17 10:16:00-04:00,136.66,138.49,136.65,138.12,405426
2020-03-17 10:18:00-04:00,138.14,138.87,137.92,138.84,384337
2020-03-17 10:20:00-04:00,138.83,138.92,137.82,138.32,261181
2020-03-17 10:22:00-04:00,138.31,138.83,138.01,138.38,306720
2020-03-17 10:24:00-04:00,138.34,138.6,137.14,138.0,319577
2020-03-17 10:26:00-04:00,138.09,138.44,137.62,137.96,251718
2020-03-17 10:28:00-04:00,138.02,139.31,137.92,138.95,382315
2020-03-17 10:30:00-04:00,138.98,139.74,138.95,139.63,311517
2020-03-17 10:32:00-04:00,139.67,139.76,138.71,139.75,353778
2020-03-17 10:34:00-04:00,139.75,140.24,139.42,140.19,525030
2020-03-17 10:36:00-04:00,140.24,140.82,139.9,139.93,579990
2020-03-17 10:38:00-04:00,139.93,140.02,139.45,139.83,484645
2020-03-17 10:40:00-04:00,139.85,140.47,139.48,139.86,342731
2020-03-17 10:42:00-04:00,139.88,140.98,139.86,140.93,272174
2020-03-17 10:44:00-04:00,140.93,142.07,140.9,141.25,620767
2020-03-17 10:46:00-04:00,141.24,142.13,140.5,141.95,482809
2020-03-17 10:48:00-04:00,141.94,142.9,141.87,142.9,542618
2020-03-17 10:50:00-04:00,142.9,142.98,141.62,142.0,514908
2020-03-17 10:52:00-04:00,142.0,142.4,141.75,142.01,486226
2020-03-17 10:54:00-04:00,142.0,142.38,142.0,142.01,620071
2020-03-17 10:56:00-04:00,142.01,142.36,142.0,142.18,392070
2020-03-17 10:58:00-04:00,142.19,142.34,142.0,142.11,402916
2020-03-17 11:00:00-04:00,142.09,142.56,142.0,142.46,439210
2020-03-17 11:02:00-04:00,142.47,142.97,142.24,142.93,312861
2020-03-17 11:04:00-04:00,142.92,143.98,142.79,143.92,448707
2020-03-17 11:06:00-04:00,143.91,144.54,143.89,144.3,502303
2020-03-17 11:08:00-04:00,144.35,144.99,143.57,144.74,370359
2020-03-17 11:10:00-04:00,144.8,145.36,144.76,145.15,520123
2020-03-17 11:12:00-04:00,145.14,146.0,144.95,145.95,393565
2020-03-17 11:14:00-04:00,145.93,146.0,145.37,145.87,456667
2020-03-17 11:16:00-04:00,145.84,145.88,144.5,145.23,415523
2020-03-17 11:18:00-04:00,145.28,145.44,144.8,145.44,262858
2020-03-17 11:20:00-04:00,145.44,145.45,145.0,145.07,296320
2020-03-17 11:22:00-04:00,145.07,145.82,144.05,144.09,654897
2020-03-17 11:24:00-04:00,144.1,144.16,142.88,143.27,544104
2020-03-17 11:26:00-04:00,143.26,144.0,143.14,143.79,343804
2020-03-17 11:28:00-04:00,143.8,143.99,143.17,143.17,267982
2020-03-17 11:30:00-04:00,143.17,144.0,142.85,143.82,368769
2020-03-17 11:32:00-04:00,143.82,144.68,143.65,144.18,296182
2020-03-17 11:34:00-04:00,144.23,144.32,143.54,143.79,251936
2020-03-17 11:36:00-04:00,143.8,143.86,142.5,142.52,271376
2020-03-17 11:38:00-04:00,142.53,142.77,142.24,142.71,382220
2020-03-17 11:40:00-04:00,142.77,143.82,142.65,143.78,291543
2020-03-17 11:42:00-04:00,143.7,144.11,143.46,143.71,277428
2020-03-17 11:44:00-04:00,143.73,144.35,143.7,144.13,204749
2020-03-17 11:46:00-04:00,144.12,144.72,144.0,144.6,273840
2020-03-17 11:48:00-04:00,144.61,145.0,144.32,144.84,288553
2020-03-17 11:50:00-04:00,144.84,145.4,144.68,145.3,395720
2020-03-17 11:52:00-04:00,145.32,145.69,145.0,145.27,360417
2020-03-17 11:54:00-04:00,145.32,145.46,144.9,145.35,365983
2020-03-17 11:56:00-04:00,145.35,145.41,144.76,144.95,278104
2020-03-17 11:58:00-04:00,145.0,145.63,144.78,145.52,311020
2020-03-17 12:00:00-04:00,145.5,145.67,144.94,145.01,298346
2020-03-17 12:02:00-04:00,145.04,145.27,144.81,145.25,214672
2020-03-17 12:04:00-04:00,145.26,145.5,144.85,145.41,275886
2020-03-17 12:06:00-04:00,145.41,146.0,145.32,145.76,466720
2020-03-17 12:08:00-04:00,145.79,146.53,145.64,146.42,524049
2020-03-17 12:10:00-04:00,146.49,146.6,145.81,146.41,327480
2020-03-17 12:12:00-04:00,146.38,147.17,146.28,147.13,440707
2020-03-17 12:14:00-04:00,147.14,147.5,146.26,146.34,415991
2020-03-17 12:16:00-04:00,146.32,146.47,145.72,145.89,362995
2020-03-17 12:18:00-04:00,145.9,146.5,145.64,146.35,364875
2020-03-17 12:20:00-04:00,146.38,146.5,145.53,145.65,289195
2020-03-17 12:22:00-04:00,145.66,145.97,145.1,145.37,332559
2020-03-17 12:24:00-04:00,145.37,145.4,145.05,145.09,221858
2020-03-17 12:26:00-04:00,145.07,145.19,144.5,144.54,396619
2020-03-17 12:28:00-04:00,144.55,144.76,144.22,144.32,270372
2020-03-17 12:30:00-04:00,144.37,145.29,144.04,145.23,313907
2020-03-17 12:32:00-04:00,145.2,145.68,144.81,144.89,336242
2020-03-17 12:34:00-04:00,144.9,145.26,144.81,144.82,329145
2020-03-17 12:36:00-04:00,144.83,145.1,144.08,144.25,177439
2020-03-17 12:38:00-04:00,144.26,144.27,143.01,143.65,393593
2020-03-17 12:40:00-04:00,143.66,143.94,143.01,143.01,254735
2020-03-17 12:42:00-04:00,143.08,143.26,142.8,142.88,354963
2020-03-17 12:44:00-04:00,142.88,142.98,142.55,142.88,297303
2020-03-17 12:46:00-04:00,142.9,143.02,142.68,142.94,189504
2020-03-17 12:48:00-04:00,142.95,143.0,142.64,142.64,154212
2020-03-17 12:50:00-04:00,142.65,142.67,141.65,141.68,276527
2020-03-17 12:52:00-04:00,141.7,141.93,141.39,141.82,236087
2020-03-17 12:54:00-04:00,141.81,142.22,141.43,142.13,271491
2020-03-17 12:56:00-04:00,142.14,142.5,141.8,141.92,174659
2020-03-17 12:58:00-04:00,141.95,143.37,141.95,143.21,181634
2020-03-17 13:00:00-04:00,143.27,143.74,142.94,143.68,212993
2020-03-17 13:02:00-04:00,143.67,144.08,143.02,143.02,320906
2020-03-17 13:04:00-04:00,143.05,143.34,142.5,143.3,252893
2020-03-17 13:06:00-04:00,143.37,143.45,142.73,142.73,139574
2020-03-17 13:08:00-04:00,142.73,142.77,141.7,141.77,276305
2020-03-17 13:10:00-04:00,141.77,141.93,141.21,141.29,292631
2020-03-17 13:12:00-04:00,141.29,141.77,141.21,141.56,243368
2020-03-17 13:14:00-04:00,141.63,141.79,141.15,141.22,232049
2020-03-17 13:16:00-04:00,141.18,141.28,140.5,140.71,257269
2020-03-17 13:18:00-04:00,140.72,141.74,140.65,141.46,225120
2020-03-17 13:20:00-04:00,141.49,141.93,141.4,141.75,157824
2020-03-17 13:22:00-04:00,141.71,142.49,141.38,142.49,201044
2020-03-17 13:24:00-04:00,142.46,142.74,141.83,141.91,216144
2020-03-17 13:26:00-04:00,141.9,142.2,141.67,141.95,146510
2020-03-17 13:28:00-04:00,141.91,142.75,141.88,142.54,166201
2020-03-17 13:30:00-04:00,142.57,142.78,142.17,142.71,155669
2020-03-17 13:32:00-04:00,142.74,143.69,142.55,143.2,256053
2020-03-17 13:34:00-04:00,143.16,144.0,143.01,143.77,193138
2020-03-17 13:36:00-04:00,143.74,143.85,143.13,143.85,177338
2020-03-17 13:38:00-04:00,143.82,144.09,143.31,144.05,166872
2020-03-17 13:40:00-04:00,144.04,144.43,143.84,144.06,235695
2020-03-17 13:42:00-04:00,144.02,144.48,143.85,144.03,231797
2020-03-17 13:44:00-04:00,144.02,144.43,143.89,144.42,154345
2020-03-17 13:46:00-04:00,144.4,144.78,144.0,144.59,245211
2020-03-17 13:48:00-04:00,144.59,145.12,144.57,144.79,240985
2020-03-17 13:50:00-04:00,144.8,145.48,144.8,144.88,281922
2020-03-17 13:52:00-04:00,144.84,144.98,144.24,144.24,192214
2020-03-17 13:54:00-04:00,144.25,145.07,144.24,144.95,206778
2020-03-17 13:56:00-04:00,144.95,145.25,144.75,144.94,190700
2020-03-17 13:58:00-04:00,144.91,145.0,144.48,144.6,154775
2020-03-17 14:00:00-04:00,144.63,145.0,143.89,144.05,279787
2020-03-17 14:02:00-04:00,144.06,144.98,144.02,144.21,216485
2020-03-17 14:04:00-04:00,144.22,144.93,144.13,144.81,212894
2020-03-17 14:06:00-04:00,144.79,145.15,144.41,144.59,276074
2020-03-17 14:08:00-04:00,144.59,145.26,144.46,145.26,214586
2020-03-17 14:10:00-04:00,145.27,145.79,145.18,145.34,248224
2020-03-17 14:12:00-04:00,145.35,145.63,145.3,145.37,186281
2020-03-17 14:14:00-04:00,145.41,145.87,145.4,145.86,204231
2020-03-17 14:16:00-04:00,145.85,146.23,145.77,146.23,255968
2020-03-17 14:18:00-04:00,146.23,146.76,146.23,146.57,256241
2020-03-17 14:20:00-04:00,146.6,146.71,145.5,145.63,256389
2020-03-17 14:22:00-04:00,145.62,145.66,144.53,144.81,245247
2020-03-17 14:24:00-04:00,144.82,144.95,144.2,144.93,196605
2020-03-17 14:26:00-04:00,145.1,145.83,144.98,145.63,284989
2020-03-17 14:28:00-04:00,145.6,145.96,145.19,145.89,192426
2020-03-17 14:30:00-04:00,145.94,146.74,145.9,145.9,295573
2020-03-17 14:32:00-04:00,145.89,146.54,145.75,146.54,216678
2020-03-17 14:34:00-04:00,146.47,146.88,146.11,146.85,227015
2020-03-17 14:36:00-04:00,146.85,146.92,146.09,146.4,301228
2020-03-17 14:38:00-04:00,146.43,146.59,145.72,146.13,253447
2020-03-17 14:40:00-04:00,146.07,146.49,145.62,146.35,194829
2020-03-17 14:42:00-04:00,146.37,146.5,146.1,146.18,240231
2020-03-17 14:44:00-04:00,146.26,146.26,145.02,145.18,285155
2020-03-17 14:46:00-04:00,145.15,145.28,144.32,144.51,324370
2020-03-17 14:48:00-04:00,144.56,144.61,143.51,143.74,305076
2020-03-17 14:50:00-04:00,143.76,144.33,143.66,143.91,246366
2020-03-17 14:52:00-04:00,143.9,144.09,143.29,143.59,607775
2020-03-17 14:54:00-04:00,143.58,144.97,143.5,144.64,331385
2020-03-17 14:56:00-04:00,144.6,145.26,144.37,144.9,259786
2020-03-17 14:58:00-04:00,144.95,145.65,144.82,145.52,252538
2020-03-17 15:00:00-04:00,145.54,145.54,142.79,143.01,392793
2020-03-17 15:02:00-04:00,143.02,143.55,142.44,143.0,453699
2020-03-17 15:04:00-04:00,142.96,143.28,142.1,142.65,356388
2020-03-17 15:06:00-04:00,142.65,143.0,142.01,142.46,278329
2020-03-17 15:08:00-04:00,142.48,144.94,142.33,144.25,410007
2020-03-17 15:10:00-04:00,144.25,144.8,144.22,144.71,268599
2020-03-17 15:12:00-04:00,144.7,144.79,144.0,144.28,297576
2020-03-17 15:14:00-04:00,144.28,144.94,144.0,144.9,228732
2020-03-17 15:16:00-04:00,144.88,145.0,144.22,144.48,241894
2020-03-17 15:18:00-04:00,144.43,144.93,144.41,144.53,229667
2020-03-17 15:20:00-04:00,144.53,144.74,143.28,143.56,301467
2020-03-17 15:22:00-04:00,143.53,144.39,143.28,144.3,294966
2020-03-17 15:24:00-04:00,144.3,144.3,143.17,143.39,272038
2020-03-17 15:26:00-04:00,143.41,143.68,142.97,143.23,288421
2020-03-17 15:28:00-04:00,143.27,143.78,143.2,143.77,235692
2020-03-17 15:30:00-04:00,143.74,144.0,143.38,143.96,408120
2020-03-17 15:32:00-04:00,143.97,145.0,143.67,144.99,357197
2020-03-17 15:34:00-04:00,144.99,145.87,144.68,145.87,450916
2020-03-17 15:36:00-04:00,145.81,146.32,145.78,145.98,480302
2020-03-17 15:38:00-04:00,146.02,146.46,145.85,146.44,367887
2020-03-17 15:40:00-04:00,146.44,146.74,145.66,146.5,560953
2020-03-17 15:42:00-04:00,146.53,147.27,146.46,147.2,732164
2020-03-17 15:44:00-04:00,147.19,147.3,145.04,145.21,643128
2020-03-17 15:46:00-04:00,145.19,146.71,144.41,146.54,623343
2020-03-17 15:48:00-04:00,146.53,146.74,145.92,146.37,536532
2020-03-17 15:50:00-04:00,146.34,147.0,144.13,145.08,805543
2020-03-17 15:52:00-04:00,145.07,145.07,143.46,143.73,701045
2020-03-17 15:54:00-04:00,143.71,146.88,143.42,146.8,1028335
2020-03-17 15:56:00-04:00,146.81,147.49,146.44,147.29,1105346
2020-03-17 15:58:00-04:00,147.3,147.32,144.82,146.59,1672894
2020-03-18 09:30:00-04:00,139.17,140.36,138.84,140.29,2327656
2020-03-18 09:32:00-04:00,139.08,140.88,137.64,139.75,821995
2020-03-18 09:34:00-04:00,139.8,139.8,138.75,139.31,464581
2020-03-18 09:36:00-04:00,139.32,139.76,139.28,139.48,577083
2020-03-18 09:38:00-04:00,139.29,140.44,139.29,140.44,694045
2020-03-18 09:40:00-04:00,139.88,142.34,139.88,142.34,801163
2020-03-18 09:42:00-04:00,141.88,142.01,141.64,141.64,686238
2020-03-18 09:44:00-04:00,141.71,141.74,140.57,140.57,382269
2020-03-18 09:46:00-04:00,140.63,141.23,140.63,141.23,379756
2020-03-18 09:48:00-04:00,141.04,141.55,141.04,141.38,313413
2020-03-18 09:50:00-04:00,141.11,141.88,141.11,141.84,383272
2020-03-18 09:52:00-04:00,141.97,142.99,141.97,142.66,485785
2020-03-18 09:54:00-04:00,142.85,143.44,142.85,143.07,464637
2020-03-18 09:56:00-04:00,142.87,142.94,142.61,142.61,463383
2020-03-18 09:58:00-04:00,143.29,143.61,143.05,143.07,338190
2020-03-18 10:00:00-04:00,143.1,144.54,142.62,143.99,441674
2020-03-18 10:02:00-04:00,143.95,144.6,143.62,144.53,359472
2020-03-18 10:04:00-04:00,144.53,145.44,144.33,144.46,485409
2020-03-18 10:06:00-04:00,144.46,146.0,144.42,145.42,404515
2020-03-18 10:08:00-04:00,145.51,145.66,143.4,143.47,434115
2020-03-18 10:10:00-04:00,143.47,144.23,143.4,143.73,271264
2020-03-18 10:12:00-04:00,143.7,144.42,143.64,143.94,272443
2020-03-18 10:14:00-04:00,143.93,144.74,143.8,144.65,302986
2020-03-18 10:16:00-04:00,144.73,145.24,143.91,144.01,353905
2020-03-18 10:18:00-04:00,143.99,144.01,142.89,142.9,294594
2020-03-18 10:20:00-04:00,142.9,143.37,142.5,142.52,259685
2020-03-18 10:22:00-04:00,142.52,142.84,142.15,142.19,222076
2020-03-18 10:24:00-04:00,142.21,142.66,142.06,142.58,234492
2020-03-18 10:26:00-04:00,142.58,143.28,142.54,143.04,283645
2020-03-18 10:28:00-04:00,143.1,143.98,143.03,143.88,289327
2020-03-18 10:30:00-04:00,143.82,144.67,143.64,144.6,372122
2020-03-18 10:32:00-04:00,144.59,144.64,143.61,143.95,293914
2020-03-18 10:34:00-04:00,144.0,144.54,143.92,143.95,272951
2020-03-18 10:36:00-04:00,143.9,144.35,143.6,143.66,213427
2020-03-18 10:38:00-04:00,143.63,144.5,143.6,144.37,185921
2020-03-18 10:40:00-04:00,144.33,144.99,144.2,144.76,255982
2020-03-18 10:42:00-04:00,144.77,145.64,144.52,145.62,324283
2020-03-18 10:44:00-04:00,145.65,145.65,144.3,144.42,315174
2020-03-18 10:46:00-04:00,144.43,144.45,143.12,143.33,370950
2020-03-18 10:48:00-04:00,143.33,144.17,143.0,144.07,247092
2020-03-18 10:50:00-04:00,143.95,143.99,142.94,143.06,184803
2020-03-18 10:52:00-04:00,143.04,143.19,142.41,142.54,276766
2020-03-18 10:54:00-04:00,142.52,142.52,141.66,142.03,394913
2020-03-18 10:56:00-04:00,142.07,142.68,141.77,142.16,230922
2020-03-18 10:58:00-04:00,142.18,142.64,142.14,142.34,165000
2020-03-18 11:00:00-04:00,142.37,143.02,142.29,142.79,249885
2020-03-18 11:02:00-04:00,142.83,142.9,141.81,141.92,264997
2020-03-18 11:04:00-04:00,141.87,142.21,141.66,141.7,246332
2020-03-18 11:06:00-04:00,141.81,141.82,141.53,141.75,213417
2020-03-18 11:08:00-04:00,141.71,141.78,140.97,141.0,233803
2020-03-18 11:10:00-04:00,141.02,141.2,140.62,140.68,221342
2020-03-18 11:12:00-04:00,140.7,141.04,140.54,140.68,261656
2020-03-18 11:14:00-04:00,140.69,141.4,140.57,141.11,344823
2020-03-18 11:16:00-04:00,141.13,142.0,141.1,141.63,412551
2020-03-18 11:18:00-04:00,141.65,142.49,141.12,141.72,432278
2020-03-18 11:20:00-04:00,141.72,142.63,141.7,141.9,347591
2020-03-18 11:22:00-04:00,141.91,142.45,141.8,142.14,226250
2020-03-18 11:24:00-04:00,142.18,142.8,142.18,142.39,237614
2020-03-18 11:26:00-04:00,142.33,142.51,141.58,141.64,351130
2020-03-18 11:28:00-04:00,141.62,141.99,141.58,141.65,189500
2020-03-18 11:30:00-04:00,141.68,142.33,141.57,141.86,263820
2020-03-18 11:32:00-04:00,141.89,142.1,141.76,141.93,200480
2020-03-18 11:34:00-04:00,141.95,143.19,141.76,143.16,289017
2020-03-18 11:36:00-04:00,143.13,143.38,142.4,143.1,364542
2020-03-18 11:38:00-04:00,143.13,143.3,142.56,142.65,263416
2020-03-18 11:40:00-04:00,142.67,142.67,141.74,141.8,295893
2020-03-18 11:42:00-04:00,141.87,142.6,141.78,141.86,220899
2020-03-18 11:44:00-04:00,141.9,142.29,141.22,141.92,304502
2020-03-18 11:46:00-04:00,141.9,142.56,141.8,142.53,195509
2020-03-18 11:48:00-04:00,142.57,142.88,142.33,142.67,271716
2020-03-18 11:50:00-04:00,142.71,143.57,142.7,143.41,251238
2020-03-18 11:52:00-04:00,143.39,143.51,143.23,143.34,453027
2020-03-18 11:54:00-04:00,143.33,144.11,143.15,143.84,284011
2020-03-18 11:56:00-04:00,143.91,143.91,143.12,143.17,236679
2020-03-18 11:58:00-04:00,143.17,143.86,143.1,143.33,256126
2020-03-18 12:00:00-04:00,143.33,143.33,142.33,142.4,246677
2020-03-18 12:02:00-04:00,142.39,142.98,142.13,142.46,197774
2020-03-18 12:04:00-04:00,142.49,142.8,141.96,142.14,263470
2020-03-18 12:06:00-04:00,142.13,142.94,142.11,142.87,202359
2020-03-18 12:08:00-04:00,142.9,143.4,142.43,142.74,234781
2020-03-18 12:10:00-04:00,142.8,143.3,142.56,143.18,144453
2020-03-18 12:12:00-04:00,143.19,143.21,142.58,142.96,180603
2020-03-18 12:14:00-04:00,143.0,143.1,141.6,142.19,434207
2020-03-18 12:16:00-04:00,142.2,142.21,141.55,141.87,234146
2020-03-18 12:18:00-04:00,141.87,142.24,141.53,141.78,290791
2020-03-18 12:20:00-04:00,141.8,142.27,141.42,142.24,252656
2020-03-18 12:24:00-04:00,142.78,143.2,142.29,143.12,598326
2020-03-18 12:26:00-04:00,143.17,143.24,142.55,142.58,233046
2020-03-18 12:28:00-04:00,142.65,143.05,142.6,142.98,182269
2020-03-18 12:30:00-04:00,143.02,143.25,142.33,142.41,201336
2020-03-18 12:32:00-04:00,142.41,142.58,142.01,142.27,180897
2020-03-18 12:34:00-04:00,142.24,142.41,141.69,141.82,233985
2020-03-18 12:36:00-04:00,141.84,142.29,141.59,141.75,262107
2020-03-18 12:38:00-04:00,141.77,142.32,141.72,142.2,247681
2020-03-18 12:40:00-04:00,142.24,142.24,141.44,141.44,271555
2020-03-18 12:42:00-04:00,141.48,141.86,141.33,141.71,200193
2020-03-18 12:44:00-04:00,141.74,142.89,141.74,142.22,308469
2020-03-18 12:46:00-04:00,142.28,142.57,141.37,141.48,245339
2020-03-18 12:48:00-04:00,141.48,141.69,140.95,141.09,352060
2020-03-18 12:50:00-04:00,141.04,141.23,140.7,141.11,309148
2020-03-18 12:52:00-04:00,141.09,141.12,140.02,140.06,257759
2020-03-18 12:54:00-04:00,140.08,140.33,139.59,139.59,503129
2020-03-18 12:56:00-04:00,139.61,139.7,139.42,139.43,47487
2020-03-18 13:10:00-04:00,138.35,139.32,138.32,139.24,367533
2020-03-18 13:12:00-04:00,139.23,139.99,138.71,138.95,421727
2020-03-18 13:14:00-04:00,138.95,139.37,138.0,138.13,469924
2020-03-18 13:16:00-04:00,138.09,138.43,137.55,137.95,520522
2020-03-18 13:18:00-04:00,137.97,138.34,137.81,138.34,395490
2020-03-18 13:20:00-04:00,138.7,140.18,138.49,140.11,472271
2020-03-18 13:22:00-04:00,140.07,140.1,138.69,139.3,257544
2020-03-18 13:24:00-04:00,139.25,139.93,139.01,139.64,274439
2020-03-18 13:26:00-04:00,139.66,139.99,139.0,139.06,465309
2020-03-18 13:28:00-04:00,139.02,139.29,138.44,138.56,347643
2020-03-18 13:30:00-04:00,138.5,138.52,137.21,137.21,429647
2020-03-18 13:32:00-04:00,137.23,137.24,135.55,135.57,836102
2020-03-18 13:34:00-04:00,135.62,137.73,135.52,137.43,588539
2020-03-18 13:36:00-04:00,137.47,137.91,137.0,137.6,416793
2020-03-18 13:38:00-04:00,137.6,139.21,137.58,138.68,403317
2020-03-18 13:40:00-04:00,138.57,139.25,137.9,139.25,330721
2020-03-18 13:42:00-04:00,139.24,139.93,138.72,138.72,453558
2020-03-18 13:44:00-04:00,138.77,138.96,137.84,138.09,307944
2020-03-18 13:46:00-04:00,138.12,138.64,137.1,138.27,456227
2020-03-18 13:48:00-04:00,138.28,138.95,137.84,138.93,268154
2020-03-18 13:50:00-04:00,138.91,139.0,137.82,137.91,284066
2020-03-18 13:52:00-04:00,137.87,138.2,137.58,138.01,312502
2020-03-18 13:54:00-04:00,138.04,138.89,138.03,138.21,241150
2020-03-18 13:56:00-04:00,138.36,138.48,138.0,138.13,194715
2020-03-18 13:58:00-04:00,138.18,138.49,137.97,138.42,224711
2020-03-18 14:00:00-04:00,138.45,138.74,137.83,137.98,299872
2020-03-18 14:02:00-04:00,138.04,138.13,137.4,137.43,240628
2020-03-18 14:04:00-04:00,137.46,137.89,137.05,137.88,192471
2020-03-18 14:06:00-04:00,137.92,138.32,137.71,137.96,315731
2020-03-18 14:08:00-04:00,137.96,137.97,137.02,137.26,211980
2020-03-18 14:10:00-04:00,137.25,137.37,136.71,136.92,276469
2020-03-18 14:12:00-04:00,136.94,137.04,136.56,136.77,249667
2020-03-18 14:14:00-04:00,136.8,136.89,136.28,136.44,341245
2020-03-18 14:16:00-04:00,136.41,137.24,136.31,136.48,431177
2020-03-18 14:18:00-04:00,136.45,136.75,136.0,136.11,344405
2020-03-18 14:20:00-04:00,136.06,136.34,135.99,136.0,322662
2020-03-18 14:22:00-04:00,136.02,136.74,135.72,136.13,470774
2020-03-18 14:24:00-04:00,136.14,136.32,135.41,135.86,383856
2020-03-18 14:26:00-04:00,135.75,135.98,135.2,135.26,354089
2020-03-18 14:28:00-04:00,135.26,135.68,135.24,135.38,341883
2020-03-18 14:30:00-04:00,135.39,135.42,135.02,135.36,447295
2020-03-18 14:32:00-04:00,135.33,136.43,135.23,136.05,428557
2020-03-18 14:34:00-04:00,135.97,136.04,135.3,135.6,321359
2020-03-18 14:36:00-04:00,135.68,136.14,135.41,136.11,340231
2020-03-18 14:38:00-04:00,136.09,137.0,135.81,136.93,398670
2020-03-18 14:40:00-04:00,136.96,137.15,136.27,136.35,424839
2020-03-18 14:42:00-04:00,136.33,136.74,136.1,136.3,251657
2020-03-18 14:44:00-04:00,136.36,137.36,136.19,137.18,414218
2020-03-18 14:46:00-04:00,137.23,137.44,136.53,137.09,278340
2020-03-18 14:48:00-04:00,137.13,137.18,136.05,136.67,266030
2020-03-18 14:50:00-04:00,136.65,137.15,136.36,136.62,294288
2020-03-18 14:52:00-04:00,136.59,137.3,136.48,137.19,300153
2020-03-18 14:54:00-04:00,137.17,138.38,137.09,138.36,488623
2020-03-18 14:56:00-04:00,138.34,138.91,138.05,138.21,466450
2020-03-18 14:58:00-04:00,138.2,138.8,138.0,138.63,445002
2020-03-18 15:00:00-04:00,138.61,139.04,137.18,137.95,560508
2020-03-18 15:02:00-04:00,137.89,138.05,135.57,135.65,558337
2020-03-18 15:04:00-04:00,135.68,136.54,135.68,135.88,512609
2020-03-18 15:06:00-04:00,135.84,137.92,135.84,137.46,559897
2020-03-18 15:08:00-04:00,137.4,137.88,136.41,137.11,499670
2020-03-18 15:10:00-04:00,137.06,138.34,137.06,137.5,504713
2020-03-18 15:12:00-04:00,137.55,138.79,137.5,138.6,477371
2020-03-18 15:14:00-04:00,138.6,138.7,137.36,138.14,401608
2020-03-18 15:16:00-04:00,138.06,138.48,137.28,137.64,370808
2020-03-18 15:18:00-04:00,137.66,138.44,137.6,138.24,351573
2020-03-18 15:20:00-04:00,138.24,138.28,137.12,137.31,357883
2020-03-18 15:22:00-04:00,137.31,137.33,136.59,136.97,370324
2020-03-18 15:24:00-04:00,137.01,137.01,136.0,136.26,452513
2020-03-18 15:26:00-04:00,136.22,136.71,136.05,136.22,416940
2020-03-18 15:28:00-04:00,136.17,136.71,135.85,136.09,461657
2020-03-18 15:30:00-04:00,136.04,137.91,135.8,137.6,528506
2020-03-18 15:32:00-04:00,137.61,137.89,136.52,137.12,419082
2020-03-18 15:34:00-04:00,137.19,137.73,136.5,136.76,431620
2020-03-18 15:36:00-04:00,136.82,137.13,136.44,136.52,349533
2020-03-18 15:38:00-04:00,136.49,136.66,135.84,136.26,557217
2020-03-18 15:40:00-04:00,136.27,137.2,136.2,136.75,533507
2020-03-18 15:42:00-04:00,136.73,137.9,136.7,137.19,634077
2020-03-18 15:44:00-04:00,137.19,138.17,137.12,137.76,510838
2020-03-18 15:46:00-04:00,137.73,138.27,137.41,137.97,466798
2020-03-18 15:48:00-04:00,137.98,139.69,137.5,139.65,513209
2020-03-18 15:50:00-04:00,139.54,140.06,138.77,139.79,775479
2020-03-18 15:52:00-04:00,139.79,141.25,138.73,141.11,918520
2020-03-18 15:54:00-04:00,141.21,142.38,139.64,142.24,1377264
2020-03-18 15:56:00-04:00,142.27,142.27,139.4,139.63,1191625
2020-03-18 15:58:00-04:00,139.6,143.75,139.03,143.63,1916212
